{"@type":"Flow","@id":"0ace02fa-eca5-482d-a829-c18e46a52db4","name":"transport, freight train","description":"EcoSpold 2 intermediate exchange, ID \u003d 0ace02fa-eca5-482d-a829-c18e46a52db4","category":"H:Transportation and storage/49:Land transport and transport via pipelines/491:Transport via railways/4912:Freight rail transport","version":"00.00.003","lastChange":"2021-11-11T18:55:27.506Z","flowType":"PRODUCT_FLOW","isInfrastructureFlow":false,"flowProperties":[{"@type":"FlowPropertyFactor","isRefFlowProperty":true,"flowProperty":{"@type":"FlowProperty","@id":"838aaa20-0117-11db-92e3-0800200c9a66","name":"Goods transport (mass*distance)","category":"Technical flow properties","refUnit":"t*km"},"conversionFactor":1.0}]}