{"@type":"Flow","@id":"0b9fafd6-2b18-4ec6-a155-26ce0685cffc","name":"magnesium sulfate","description":"EcoSpold 2 intermediate exchange, ID \u003d 0b9fafd6-2b18-4ec6-a155-26ce0685cffc","category":"B:Mining and quarrying/07:Mining of metal ores/072:Mining of non-ferrous metal ores/0729:Mining of other non-ferrous metal ores","version":"00.00.003","lastChange":"2021-11-11T18:55:19.069Z","flowType":"PRODUCT_FLOW","isInfrastructureFlow":false,"flowProperties":[{"@type":"FlowPropertyFactor","isRefFlowProperty":true,"flowProperty":{"@type":"FlowProperty","@id":"93a60a56-a3c8-11da-a746-0800200b9a66","name":"Mass","category":"Technical flow properties","refUnit":"kg"},"conversionFactor":1.0}]}