{"@type":"Flow","@id":"1768722c-0cb1-4b0b-9183-2ff16919120e","name":"polyvinylchloride, bulk polymerised","description":"EcoSpold 2 intermediate exchange, ID \u003d 1768722c-0cb1-4b0b-9183-2ff16919120e","category":"C:Manufacturing/20:Manufacture of chemicals and chemical products/201:Manufacture of basic chemicals, fertilizers and nitrogen compounds, plastics/2013:Manufacture of plastics and synthetic rubber in primary forms","version":"00.00.003","lastChange":"2021-11-11T18:55:23.128Z","flowType":"PRODUCT_FLOW","isInfrastructureFlow":false,"flowProperties":[{"@type":"FlowPropertyFactor","isRefFlowProperty":true,"flowProperty":{"@type":"FlowProperty","@id":"93a60a56-a3c8-11da-a746-0800200b9a66","name":"Mass","category":"Technical flow properties","refUnit":"kg"},"conversionFactor":1.0}]}