{"@type":"Flow","@id":"1d53b5b2-8bd1-4936-8a5b-a130bf812db0","name":"sanitary ceramics","description":"EcoSpold 2 intermediate exchange, ID \u003d 1d53b5b2-8bd1-4936-8a5b-a130bf812db0","category":"C:Manufacturing/23:Manufacture of other non-metallic mineral products/239:Manufacture of non-metallic mineral products n.e.c./2392:Manufacture of clay building materials","version":"00.00.003","lastChange":"2021-11-11T18:55:23.365Z","flowType":"PRODUCT_FLOW","isInfrastructureFlow":false,"flowProperties":[{"@type":"FlowPropertyFactor","isRefFlowProperty":true,"flowProperty":{"@type":"FlowProperty","@id":"93a60a56-a3c8-11da-a746-0800200b9a66","name":"Mass","category":"Technical flow properties","refUnit":"kg"},"conversionFactor":1.0}]}