{"@type":"Flow","@id":"38646d90-4680-4034-b60a-ccb48a2f6853","name":"copper sulfate","description":"EcoSpold 2 intermediate exchange, ID \u003d 38646d90-4680-4034-b60a-ccb48a2f6853","category":"C:Manufacturing/20:Manufacture of chemicals and chemical products/201:Manufacture of basic chemicals, fertilizers and nitrogen compounds, plastics/2011:Manufacture of basic chemicals","version":"00.00.003","lastChange":"2021-11-11T18:55:22.674Z","flowType":"PRODUCT_FLOW","isInfrastructureFlow":false,"flowProperties":[{"@type":"FlowPropertyFactor","isRefFlowProperty":true,"flowProperty":{"@type":"FlowProperty","@id":"93a60a56-a3c8-11da-a746-0800200b9a66","name":"Mass","category":"Technical flow properties","refUnit":"kg"},"conversionFactor":1.0}]}