{"@type":"Flow","@id":"57771ae0-5e8b-47be-bb73-ba59f2bf8cc8","name":"brass","description":"EcoSpold 2 intermediate exchange, ID \u003d 57771ae0-5e8b-47be-bb73-ba59f2bf8cc8","category":"C:Manufacturing/24:Manufacture of basic metals/242:Manufacture of basic precious and other non-ferrous metals/2420:Manufacture of basic precious and other non-ferrous metals","version":"00.00.003","lastChange":"2021-11-11T18:55:23.562Z","flowType":"PRODUCT_FLOW","isInfrastructureFlow":false,"flowProperties":[{"@type":"FlowPropertyFactor","isRefFlowProperty":true,"flowProperty":{"@type":"FlowProperty","@id":"93a60a56-a3c8-11da-a746-0800200b9a66","name":"Mass","category":"Technical flow properties","refUnit":"kg"},"conversionFactor":1.0}]}