{"@type":"Flow","@id":"5f06394c-4efd-4c65-9e82-5fd3cbebbd15","name":"capacitor, electrolyte type, \u003e 2cm height","description":"EcoSpold 2 intermediate exchange, ID \u003d 5f06394c-4efd-4c65-9e82-5fd3cbebbd15","category":"C:Manufacturing/26:Manufacture of computer, electronic and optical products/261:Manufacture of electronic components and boards/2610:Manufacture of electronic components and boards","version":"00.00.003","lastChange":"2021-11-11T18:55:23.833Z","flowType":"PRODUCT_FLOW","isInfrastructureFlow":false,"flowProperties":[{"@type":"FlowPropertyFactor","isRefFlowProperty":true,"flowProperty":{"@type":"FlowProperty","@id":"93a60a56-a3c8-11da-a746-0800200b9a66","name":"Mass","category":"Technical flow properties","refUnit":"kg"},"conversionFactor":1.0}]}