{"@type":"Flow","@id":"6207ccc7-11eb-4bcc-8652-bdc3659b2545","name":"capacitor, auxilliaries and energy use","description":"EcoSpold 2 intermediate exchange, ID \u003d 6207ccc7-11eb-4bcc-8652-bdc3659b2545","category":"C:Manufacturing/26:Manufacture of computer, electronic and optical products/261:Manufacture of electronic components and boards/2610:Manufacture of electronic components and boards","version":"00.00.003","lastChange":"2021-11-11T18:55:23.834Z","flowType":"PRODUCT_FLOW","isInfrastructureFlow":false,"flowProperties":[{"@type":"FlowPropertyFactor","isRefFlowProperty":true,"flowProperty":{"@type":"FlowProperty","@id":"93a60a56-a3c8-11da-a746-0800200b9a66","name":"Mass","category":"Technical flow properties","refUnit":"kg"},"conversionFactor":1.0}]}