{"@type":"Flow","@id":"66c93e71-f32b-4591-901c-55395db5c132","name":"electricity, high voltage","description":"EcoSpold 2 intermediate exchange, ID \u003d 66c93e71-f32b-4591-901c-55395db5c132","category":"D:Electricity, gas, steam and air conditioning supply/35:Electricity, gas, steam and air conditioning supply/351:Electric power generation, transmission and distribution/3510:Electric power generation, transmission and distribution","version":"00.00.003","lastChange":"2021-11-11T18:55:24.405Z","flowType":"PRODUCT_FLOW","isInfrastructureFlow":false,"flowProperties":[{"@type":"FlowPropertyFactor","isRefFlowProperty":true,"flowProperty":{"@type":"FlowProperty","@id":"f6811440-ee37-11de-8a39-0800200c9a66","name":"Energy","category":"Technical flow properties","refUnit":"MJ"},"conversionFactor":1.0}]}