{"@type":"Flow","@id":"6a0bd6ed-8952-4f65-9117-b864669b9235","name":"borax, anhydrous, powder","description":"EcoSpold 2 intermediate exchange, ID \u003d 6a0bd6ed-8952-4f65-9117-b864669b9235","category":"C:Manufacturing/20:Manufacture of chemicals and chemical products/201:Manufacture of basic chemicals, fertilizers and nitrogen compounds, plastics/2011:Manufacture of basic chemicals","version":"00.00.003","lastChange":"2021-11-11T18:55:22.682Z","flowType":"PRODUCT_FLOW","isInfrastructureFlow":false,"flowProperties":[{"@type":"FlowPropertyFactor","isRefFlowProperty":true,"flowProperty":{"@type":"FlowProperty","@id":"93a60a56-a3c8-11da-a746-0800200b9a66","name":"Mass","category":"Technical flow properties","refUnit":"kg"},"conversionFactor":1.0}]}