{"@type":"Flow","@id":"6e57739e-8655-4d87-8324-11ed616e3048","name":"transport, pipeline, long distance, natural gas","description":"EcoSpold 2 intermediate exchange, ID \u003d 6e57739e-8655-4d87-8324-11ed616e3048","category":"H:Transportation and storage/49:Land transport and transport via pipelines/493:Transport via pipeline/4930:Transport via pipeline","version":"00.00.003","lastChange":"2021-11-11T18:55:27.666Z","flowType":"PRODUCT_FLOW","isInfrastructureFlow":false,"flowProperties":[{"@type":"FlowPropertyFactor","isRefFlowProperty":true,"flowProperty":{"@type":"FlowProperty","@id":"838aaa20-0117-11db-92e3-0800200c9a66","name":"Goods transport (mass*distance)","category":"Technical flow properties","refUnit":"t*km"},"conversionFactor":1.0}]}