{"@type":"Flow","@id":"7f0ba7c9-341e-413d-80f6-8753727d65d1","name":"Methane, from soil or biomass stock","category":"Elementary flows/Emission to air/unspecified","version":"00.00.001","lastChange":"2021-11-08T12:46:37Z","flowType":"ELEMENTARY_FLOW","isInfrastructureFlow":false,"flowProperties":[{"@type":"FlowPropertyFactor","isRefFlowProperty":true,"flowProperty":{"@type":"FlowProperty","@id":"93a60a56-a3c8-11da-a746-0800200b9a66","name":"Mass","category":"Technical flow properties","refUnit":"kg"},"conversionFactor":1.0}]}