{"@type":"Flow","@id":"817c3650-4fed-4ef2-b9b6-404a198834e6","name":"steel, low-alloyed","description":"EcoSpold 2 intermediate exchange, ID \u003d 817c3650-4fed-4ef2-b9b6-404a198834e6","category":"C:Manufacturing/24:Manufacture of basic metals/241:Manufacture of basic iron and steel/2410:Manufacture of basic iron and steel","version":"00.00.003","lastChange":"2021-11-11T18:55:23.515Z","flowType":"PRODUCT_FLOW","isInfrastructureFlow":false,"flowProperties":[{"@type":"FlowPropertyFactor","isRefFlowProperty":true,"flowProperty":{"@type":"FlowProperty","@id":"93a60a56-a3c8-11da-a746-0800200b9a66","name":"Mass","category":"Technical flow properties","refUnit":"kg"},"conversionFactor":1.0}]}