{"@type":"Flow","@id":"94ef9b64-be1e-4fea-a206-a952eb605628","name":"calcium nitrate","description":"EcoSpold 2 intermediate exchange, ID \u003d 94ef9b64-be1e-4fea-a206-a952eb605628","category":"C:Manufacturing/20:Manufacture of chemicals and chemical products/201:Manufacture of basic chemicals, fertilizers and nitrogen compounds, plastics/2012:Manufacture of fertilizers and nitrogen compounds","version":"00.00.003","lastChange":"2021-11-11T18:55:23.094Z","flowType":"PRODUCT_FLOW","isInfrastructureFlow":false,"flowProperties":[{"@type":"FlowPropertyFactor","isRefFlowProperty":true,"flowProperty":{"@type":"FlowProperty","@id":"93a60a56-a3c8-11da-a746-0800200b9a66","name":"Mass","category":"Technical flow properties","refUnit":"kg"},"conversionFactor":1.0}]}