{"@type":"Flow","@id":"a7e1dd79-7f97-4f06-86f7-8965e13db3db","name":"peat moss","description":"EcoSpold 2 intermediate exchange, ID \u003d a7e1dd79-7f97-4f06-86f7-8965e13db3db","category":"B:Mining and quarrying/08:Other mining and quarrying/089:Mining and quarrying n.e.c./0892:Extraction of peat","version":"00.00.003","lastChange":"2021-11-11T18:55:19.135Z","flowType":"PRODUCT_FLOW","isInfrastructureFlow":false,"flowProperties":[{"@type":"FlowPropertyFactor","isRefFlowProperty":true,"flowProperty":{"@type":"FlowProperty","@id":"93a60a56-a3c8-22da-a746-0800200c9a66","name":"Volume","category":"Technical flow properties","refUnit":"m3"},"conversionFactor":1.0}]}