{"@type":"Flow","@id":"a95983e3-7f9d-49aa-934a-0ce56b0d2cfc","name":"metal working, average for metal product manufacturing","description":"EcoSpold 2 intermediate exchange, ID \u003d a95983e3-7f9d-49aa-934a-0ce56b0d2cfc","category":"C:Manufacturing/25:Manufacture of fabricated metal products, except machinery and equipment/259:Manufacture of other fabricated metal products; metalworking service activit","version":"00.00.002","lastChange":"2021-11-11T18:55:23.791Z","flowType":"PRODUCT_FLOW","isInfrastructureFlow":false,"flowProperties":[{"@type":"FlowPropertyFactor","isRefFlowProperty":true,"flowProperty":{"@type":"FlowProperty","@id":"93a60a56-a3c8-11da-a746-0800200b9a66","name":"Mass","category":"Technical flow properties","refUnit":"kg"},"conversionFactor":1.0}]}