{"@type":"Flow","@id":"b3c58f5d-5815-487c-8b9c-4366e00d22dc","name":"heat, central or small-scale, natural gas","description":"EcoSpold 2 intermediate exchange, ID \u003d b3c58f5d-5815-487c-8b9c-4366e00d22dc","category":"D:Electricity, gas, steam and air conditioning supply/35:Electricity, gas, steam and air conditioning supply/353:Steam and air conditioning supply/3530:Steam and air conditioning supply","version":"00.00.003","lastChange":"2021-11-11T18:55:24.456Z","flowType":"PRODUCT_FLOW","isInfrastructureFlow":false,"flowProperties":[{"@type":"FlowPropertyFactor","isRefFlowProperty":true,"flowProperty":{"@type":"FlowProperty","@id":"f6811440-ee37-11de-8a39-0800200c9a66","name":"Energy","category":"Technical flow properties","refUnit":"MJ"},"conversionFactor":1.0}]}