{"@type":"Flow","@id":"c614ee4a-ee63-4b51-b129-8a18a5e458fe","name":"iron sulfate","description":"EcoSpold 2 intermediate exchange, ID \u003d c614ee4a-ee63-4b51-b129-8a18a5e458fe","category":"C:Manufacturing/20:Manufacture of chemicals and chemical products/201:Manufacture of basic chemicals, fertilizers and nitrogen compounds, plastics/2011:Manufacture of basic chemicals","version":"00.00.003","lastChange":"2021-11-11T18:55:22.793Z","flowType":"PRODUCT_FLOW","isInfrastructureFlow":false,"flowProperties":[{"@type":"FlowPropertyFactor","isRefFlowProperty":true,"flowProperty":{"@type":"FlowProperty","@id":"93a60a56-a3c8-11da-a746-0800200b9a66","name":"Mass","category":"Technical flow properties","refUnit":"kg"},"conversionFactor":1.0}]}