{"@type":"Flow","@id":"c7f4de9b-f58b-4189-976e-51586da634df","name":"transport, passenger car with internal combustion engine","description":"EcoSpold 2 intermediate exchange, ID \u003d c7f4de9b-f58b-4189-976e-51586da634df","category":"H:Transportation and storage/49:Land transport and transport via pipelines/492:Other land transport/4922:Other passenger land transport","version":"00.00.003","lastChange":"2021-11-11T18:55:27.537Z","flowType":"PRODUCT_FLOW","isInfrastructureFlow":false,"flowProperties":[{"@type":"FlowPropertyFactor","isRefFlowProperty":true,"flowProperty":{"@type":"FlowProperty","@id":"838aaa23-0117-11db-92e3-0800200c9a66","name":"Length","category":"Technical flow properties","refUnit":"m"},"conversionFactor":1.0}]}