{"@type":"Flow","@id":"d2184fe3-da8e-40d0-a15e-f35bc3624d26","name":"vegetable oil, refined","description":"EcoSpold 2 intermediate exchange, ID \u003d d2184fe3-da8e-40d0-a15e-f35bc3624d26","category":"C:Manufacturing/10:Manufacture of food products/104:Manufacture of vegetable and animal oils and fats/1040:Manufacture of vegetable and animal oils and fats","version":"00.00.003","lastChange":"2021-11-11T18:55:22.367Z","flowType":"PRODUCT_FLOW","isInfrastructureFlow":false,"flowProperties":[{"@type":"FlowPropertyFactor","isRefFlowProperty":true,"flowProperty":{"@type":"FlowProperty","@id":"93a60a56-a3c8-11da-a746-0800200b9a66","name":"Mass","category":"Technical flow properties","refUnit":"kg"},"conversionFactor":1.0}]}