{"@type":"Flow","@id":"d9d14565-ed4d-3ffb-b9e0-a4ebd2031b80","name":"Nitrogen oxides, wrld pop av","category":"Emission to air/unspecified","version":"00.00.001","lastChange":"2020-09-30T17:44:21.642Z","flowType":"ELEMENTARY_FLOW","cas":"011104-93-1","isInfrastructureFlow":false,"flowProperties":[{"@type":"FlowPropertyFactor","isRefFlowProperty":true,"flowProperty":{"@type":"FlowProperty","@id":"93a60a56-a3c8-11da-a746-0800200b9a66","name":"Mass","category":"Technical flow properties","refUnit":"kg"},"conversionFactor":1.0}]}