{"@type":"Flow","@id":"e77d9460-e423-4e88-8c44-d1a4545b0b07","name":"aluminium alloy, AlMg3","description":"EcoSpold 2 intermediate exchange, ID \u003d e77d9460-e423-4e88-8c44-d1a4545b0b07","category":"C:Manufacturing/24:Manufacture of basic metals/242:Manufacture of basic precious and other non-ferrous metals/2420:Manufacture of basic precious and other non-ferrous metals","version":"00.00.003","lastChange":"2021-11-11T18:55:23.551Z","flowType":"PRODUCT_FLOW","isInfrastructureFlow":false,"flowProperties":[{"@type":"FlowPropertyFactor","isRefFlowProperty":true,"flowProperty":{"@type":"FlowProperty","@id":"93a60a56-a3c8-11da-a746-0800200b9a66","name":"Mass","category":"Technical flow properties","refUnit":"kg"},"conversionFactor":1.0}]}