{"@type":"Flow","@id":"ef644ee9-9e11-4442-9c96-a29f8528dde7","name":"carbon dioxide, liquid","description":"EcoSpold 2 intermediate exchange, ID \u003d ef644ee9-9e11-4442-9c96-a29f8528dde7","category":"C:Manufacturing/20:Manufacture of chemicals and chemical products/201:Manufacture of basic chemicals, fertilizers and nitrogen compounds, plastics/2011:Manufacture of basic chemicals","version":"00.00.003","lastChange":"2021-11-11T18:55:22.678Z","flowType":"PRODUCT_FLOW","isInfrastructureFlow":false,"flowProperties":[{"@type":"FlowPropertyFactor","isRefFlowProperty":true,"flowProperty":{"@type":"FlowProperty","@id":"93a60a56-a3c8-11da-a746-0800200b9a66","name":"Mass","category":"Technical flow properties","refUnit":"kg"},"conversionFactor":1.0}]}