{"@type":"Flow","@id":"f4e8b38b-d6c7-423b-bc9c-13b4a13d55f8","name":"transport, freight, lorry 16-32 metric ton, EURO5","description":"EcoSpold 2 intermediate exchange, ID \u003d f4e8b38b-d6c7-423b-bc9c-13b4a13d55f8","category":"H:Transportation and storage/49:Land transport and transport via pipelines/492:Other land transport/4923:Freight transport by road","version":"00.00.003","lastChange":"2021-11-11T18:55:27.592Z","flowType":"PRODUCT_FLOW","isInfrastructureFlow":false,"flowProperties":[{"@type":"FlowPropertyFactor","isRefFlowProperty":true,"flowProperty":{"@type":"FlowProperty","@id":"838aaa20-0117-11db-92e3-0800200c9a66","name":"Goods transport (mass*distance)","category":"Technical flow properties","refUnit":"t*km"},"conversionFactor":1.0}]}