{"@type":"Process","@id":"3a1fe70b-ee20-4351-a01b-7e58f24a6889","name":"3. Transport Cannabis Canada indoor","description":"","category":"Cannabis Production/Canadian Indoor Production","version":"00.00.001","lastChange":"2023-05-26T00:45:01.999Z","processType":"UNIT_PROCESS","isInfrastructureProcess":false,"processDocumentation":{"isCopyrightProtected":false,"creationDate":"2023-05-25T20:41:31.291"},"lastInternalId":4,"parameters":[],"exchanges":[{"@type":"Exchange","isAvoidedProduct":false,"isInput":false,"amount":1.0,"internalId":1,"flow":{"@type":"Flow","@id":"90626fec-22e7-476a-a14f-01850319154c","name":"3. Transport Cannabis Canada outdoor","flowType":"PRODUCT_FLOW","refUnit":"kg"},"unit":{"@type":"Unit","@id":"20aadc24-a391-41cf-b340-3e4529f44bde","name":"kg"},"flowProperty":{"@type":"FlowProperty","@id":"93a60a56-a3c8-11da-a746-0800200b9a66","name":"Mass","category":"Technical flow properties","refUnit":"kg"},"isQuantitativeReference":true},{"@type":"Exchange","isAvoidedProduct":false,"isInput":true,"amount":74.63494637,"internalId":3,"flow":{"@type":"Flow","@id":"f4e8b38b-d6c7-423b-bc9c-13b4a13d55f8","name":"transport, freight, lorry 16-32 metric ton, EURO5","category":"H:Transportation and storage/49:Land transport and transport via pipelines/492:Other land transport/4923:Freight transport by road","flowType":"PRODUCT_FLOW","refUnit":"t*km"},"unit":{"@type":"Unit","@id":"0dea4ed8-bb6b-4049-b2b4-b2c413ef2180","name":"t*km"},"flowProperty":{"@type":"FlowProperty","@id":"838aaa20-0117-11db-92e3-0800200c9a66","name":"Goods transport (mass*distance)","category":"Technical flow properties","refUnit":"t*km"},"defaultProvider":{"@type":"Process","@id":"28443c89-91b9-3dcd-8636-b6b6159cd98e","name":"transport, freight, lorry 16-32 metric ton, EURO5 | transport, freight, lorry 16-32 metric ton, EURO5 | Cutoff, U","category":"H:Transportation and storage/49:Land transport and transport via pipelines/492:Other land transport/4923:Freight transport by road","processType":"UNIT_PROCESS","flowType":"PRODUCT_FLOW","location":"RoW"}},{"@type":"Exchange","isAvoidedProduct":false,"isInput":true,"amount":643.1368314,"internalId":2,"flow":{"@type":"Flow","@id":"0ace02fa-eca5-482d-a829-c18e46a52db4","name":"transport, freight train","category":"H:Transportation and storage/49:Land transport and transport via pipelines/491:Transport via railways/4912:Freight rail transport","flowType":"PRODUCT_FLOW","refUnit":"t*km"},"unit":{"@type":"Unit","@id":"0dea4ed8-bb6b-4049-b2b4-b2c413ef2180","name":"t*km"},"flowProperty":{"@type":"FlowProperty","@id":"838aaa20-0117-11db-92e3-0800200c9a66","name":"Goods transport (mass*distance)","category":"Technical flow properties","refUnit":"t*km"},"defaultProvider":{"@type":"Process","@id":"bbd02361-3680-3e97-a392-7bf24a02b24c","name":"transport, freight train, diesel | transport, freight train | Cutoff, U","category":"H:Transportation and storage/49:Land transport and transport via pipelines/491:Transport via railways/4912:Freight rail transport","processType":"UNIT_PROCESS","flowType":"PRODUCT_FLOW","location":"RoW"}},{"@type":"Exchange","isAvoidedProduct":false,"isInput":true,"amount":15.0,"internalId":4,"flow":{"@type":"Flow","@id":"c7f4de9b-f58b-4189-976e-51586da634df","name":"transport, passenger car with internal combustion engine","category":"H:Transportation and storage/49:Land transport and transport via pipelines/492:Other land transport/4922:Other passenger land transport","flowType":"PRODUCT_FLOW","refUnit":"m"},"unit":{"@type":"Unit","@id":"715ca68e-0ac5-4c4b-b557-fdc36623be88","name":"km"},"flowProperty":{"@type":"FlowProperty","@id":"838aaa23-0117-11db-92e3-0800200c9a66","name":"Length","category":"Technical flow properties","refUnit":"m"},"defaultProvider":{"@type":"Process","@id":"585922a3-261c-3568-8735-1d5ebb8a0239","name":"transport, passenger car with internal combustion engine | transport, passenger car with internal combustion engine | Cutoff, U","category":"H:Transportation and storage/49:Land transport and transport via pipelines/492:Other land transport/4922:Other passenger land transport","processType":"UNIT_PROCESS","flowType":"PRODUCT_FLOW","location":"RoW"}}],"socialAspects":[],"allocationFactors":[]}