{"@type":"Process","@id":"43b78233-cb3a-4fec-aba6-96379cad2945","name":"4. Outdoor growing NB","description":"","category":"Cannabis Production/Canadian outdoor production","version":"00.00.005","lastChange":"2023-11-24T18:36:20.037Z","processType":"UNIT_PROCESS","isInfrastructureProcess":false,"processDocumentation":{"isCopyrightProtected":false,"creationDate":"2023-05-25T20:34:15.824"},"lastInternalId":12,"parameters":[],"exchanges":[{"@type":"Exchange","isAvoidedProduct":false,"isInput":false,"amount":4.5,"internalId":1,"flow":{"@type":"Flow","@id":"ba86559f-ac41-40eb-b732-435885fae0e0","name":"4. Outdoor growing Canada","flowType":"PRODUCT_FLOW","refUnit":"kg"},"unit":{"@type":"Unit","@id":"20aadc24-a391-41cf-b340-3e4529f44bde","name":"kg"},"flowProperty":{"@type":"FlowProperty","@id":"93a60a56-a3c8-11da-a746-0800200b9a66","name":"Mass","category":"Technical flow properties","refUnit":"kg"},"isQuantitativeReference":true},{"@type":"Exchange","isAvoidedProduct":false,"isInput":true,"amount":0.827794324,"internalId":4,"flow":{"@type":"Flow","@id":"cd27db73-0bae-4afa-a11a-e62153d7594b","name":"expanded perlite","category":"C:Manufacturing/23:Manufacture of other non-metallic mineral products/239:Manufacture of non-metallic mineral products n.e.c./2399:Manufacture of other non-metallic mineral products n.e.c.","flowType":"PRODUCT_FLOW","refUnit":"kg"},"unit":{"@type":"Unit","@id":"20aadc24-a391-41cf-b340-3e4529f44bde","name":"kg"},"flowProperty":{"@type":"FlowProperty","@id":"93a60a56-a3c8-11da-a746-0800200b9a66","name":"Mass","category":"Technical flow properties","refUnit":"kg"},"defaultProvider":{"@type":"Process","@id":"dea383b1-ae88-34da-a49d-441b33e10a56","name":"expanded perlite production | expanded perlite | Cutoff, U","category":"C:Manufacturing/23:Manufacture of other non-metallic mineral products/239:Manufacture of non-metallic mineral products n.e.c./2399:Manufacture of other non-metallic mineral products n.e.c.","processType":"UNIT_PROCESS","flowType":"PRODUCT_FLOW","location":"RoW"}},{"@type":"Exchange","isAvoidedProduct":false,"isInput":true,"amount":0.562092844,"internalId":3,"flow":{"@type":"Flow","@id":"158170b1-56ca-4aac-9a7a-3d5ff2cb812a","name":"Carbon sequestration in product","flowType":"PRODUCT_FLOW","refUnit":"kg"},"unit":{"@type":"Unit","@id":"20aadc24-a391-41cf-b340-3e4529f44bde","name":"kg"},"flowProperty":{"@type":"FlowProperty","@id":"93a60a56-a3c8-11da-a746-0800200b9a66","name":"Mass","category":"Technical flow properties","refUnit":"kg"},"defaultProvider":{"@type":"Process","@id":"5eb64e3a-d1b2-4a6a-b6b1-1fc54465b302","name":"Carbon sequestration in product","category":"Cannabis Production/Canadian Indoor Production","processType":"UNIT_PROCESS","flowType":"PRODUCT_FLOW"}},{"@type":"Exchange","isAvoidedProduct":false,"isInput":true,"amount":84.35199007,"internalId":5,"flow":{"@type":"Flow","@id":"ea88d315-00e6-4e81-8f16-c86b44fff6d8","name":"HPS fixture material Canada","flowType":"PRODUCT_FLOW","refUnit":"d"},"unit":{"@type":"Unit","@id":"227a54d9-44e7-468c-b8bb-f2dd1ae68c7a","name":"h"},"flowProperty":{"@type":"FlowProperty","@id":"c0447923-0e60-4b3c-97c2-a86dddd9eea5","name":"Duration","category":"Technical flow properties","refUnit":"d"},"defaultProvider":{"@type":"Process","@id":"e1bf708d-fc36-40bd-8dce-003c9ab7326f","name":"5. HPS fixture material Canada","category":"Cannabis Production/Canadian Indoor Production","processType":"UNIT_PROCESS","flowType":"PRODUCT_FLOW"}},{"@type":"Exchange","isAvoidedProduct":false,"isInput":true,"amount":0.060360003,"internalId":6,"flow":{"@type":"Flow","@id":"a7e1dd79-7f97-4f06-86f7-8965e13db3db","name":"peat moss","category":"B:Mining and quarrying/08:Other mining and quarrying/089:Mining and quarrying n.e.c./0892:Extraction of peat","flowType":"PRODUCT_FLOW","refUnit":"m3"},"unit":{"@type":"Unit","@id":"1c3a9695-398d-4b1f-b07e-a8715b610f70","name":"m3"},"flowProperty":{"@type":"FlowProperty","@id":"93a60a56-a3c8-22da-a746-0800200c9a66","name":"Volume","category":"Technical flow properties","refUnit":"m3"},"defaultProvider":{"@type":"Process","@id":"c418d171-529c-3bff-8b89-471f78da795c","name":"peat moss production, horticultural use | peat moss | Cutoff, U","category":"B:Mining and quarrying/08:Other mining and quarrying/089:Mining and quarrying n.e.c./0892:Extraction of peat","processType":"UNIT_PROCESS","flowType":"PRODUCT_FLOW","location":"CA-QC"}},{"@type":"Exchange","isAvoidedProduct":false,"isInput":true,"amount":0.094932918,"description":"surfractant","internalId":8,"flow":{"@type":"Flow","@id":"3372cdea-bef5-4186-9ae6-b67a016aa67d","name":"soap","category":"C:Manufacturing/10:Manufacture of food products/104:Manufacture of vegetable and animal oils and fats/1040:Manufacture of vegetable and animal oils and fats","flowType":"PRODUCT_FLOW","refUnit":"kg"},"unit":{"@type":"Unit","@id":"20aadc24-a391-41cf-b340-3e4529f44bde","name":"kg"},"flowProperty":{"@type":"FlowProperty","@id":"93a60a56-a3c8-11da-a746-0800200b9a66","name":"Mass","category":"Technical flow properties","refUnit":"kg"},"defaultProvider":{"@type":"Process","@id":"3700eb98-110f-3ade-b2a8-07cfb94db137","name":"soap production | soap | Cutoff, U","category":"C:Manufacturing/20:Manufacture of chemicals and chemical products/202:Manufacture of other chemical products/2023:Manufacture of soap and detergents, cleaning and polishing preparations, pe","processType":"UNIT_PROCESS","flowType":"PRODUCT_FLOW","location":"RoW"}},{"@type":"Exchange","isAvoidedProduct":false,"isInput":true,"amount":1.0,"internalId":11,"flow":{"@type":"Flow","@id":"202b97b5-3a53-4420-b865-f74f78f1c84d","name":"6. Outdoor fertilizer Can","flowType":"PRODUCT_FLOW","refUnit":"kg"},"unit":{"@type":"Unit","@id":"20aadc24-a391-41cf-b340-3e4529f44bde","name":"kg"},"flowProperty":{"@type":"FlowProperty","@id":"93a60a56-a3c8-11da-a746-0800200b9a66","name":"Mass","category":"Technical flow properties","refUnit":"kg"},"defaultProvider":{"@type":"Process","@id":"a972b084-5a0c-4319-a94d-e0f5b612f987","name":"6. Outdoor fertilizer Can","category":"Cannabis Production/Canadian outdoor production","processType":"UNIT_PROCESS","flowType":"PRODUCT_FLOW"}},{"@type":"Exchange","isAvoidedProduct":false,"isInput":true,"amount":660.4346,"internalId":9,"flow":{"@type":"Flow","@id":"c5adb1fb-872e-4446-a3bb-c4b61aa4bd45","name":"tap water","category":"E:Water supply; sewerage, waste management and remediation activities/36:Water collection, treatment and supply/360:Water collection, treatment and supply/3600:Water collection, treatment and supply","flowType":"PRODUCT_FLOW","refUnit":"kg"},"unit":{"@type":"Unit","@id":"20aadc24-a391-41cf-b340-3e4529f44bde","name":"kg"},"flowProperty":{"@type":"FlowProperty","@id":"93a60a56-a3c8-11da-a746-0800200b9a66","name":"Mass","category":"Technical flow properties","refUnit":"kg"},"defaultProvider":{"@type":"Process","@id":"c0e5ecf6-b1ea-3176-a810-aa503735ad66","name":"tap water production, conventional treatment | tap water | Cutoff, U","category":"E:Water supply; sewerage, waste management and remediation activities/36:Water collection, treatment and supply/360:Water collection, treatment and supply/3600:Water collection, treatment and supply","processType":"UNIT_PROCESS","flowType":"PRODUCT_FLOW","location":"RoW"}},{"@type":"Exchange","isAvoidedProduct":false,"isInput":true,"amount":0.385207788,"internalId":10,"flow":{"@type":"Flow","@id":"d2184fe3-da8e-40d0-a15e-f35bc3624d26","name":"vegetable oil, refined","category":"C:Manufacturing/10:Manufacture of food products/104:Manufacture of vegetable and animal oils and fats/1040:Manufacture of vegetable and animal oils and fats","flowType":"PRODUCT_FLOW","refUnit":"kg"},"unit":{"@type":"Unit","@id":"20aadc24-a391-41cf-b340-3e4529f44bde","name":"kg"},"flowProperty":{"@type":"FlowProperty","@id":"93a60a56-a3c8-11da-a746-0800200b9a66","name":"Mass","category":"Technical flow properties","refUnit":"kg"},"defaultProvider":{"@type":"Process","@id":"6098e63e-e353-3750-b949-b6fae5515d9c","name":"soybean oil, refined, to generic market for vegetable oil, refined | vegetable oil, refined | Cutoff, U","category":"C:Manufacturing/10:Manufacture of food products/104:Manufacture of vegetable and animal oils and fats/1040:Manufacture of vegetable and animal oils and fats","processType":"UNIT_PROCESS","flowType":"PRODUCT_FLOW","location":"GLO"}},{"@type":"Exchange","isAvoidedProduct":false,"isInput":true,"amount":1.0,"internalId":12,"flow":{"@type":"Flow","@id":"6de57e75-5100-432c-8c75-3318e58401f8","name":"7. Outdoor HVAC energy Can","flowType":"PRODUCT_FLOW","refUnit":"kg"},"unit":{"@type":"Unit","@id":"20aadc24-a391-41cf-b340-3e4529f44bde","name":"kg"},"flowProperty":{"@type":"FlowProperty","@id":"93a60a56-a3c8-11da-a746-0800200b9a66","name":"Mass","category":"Technical flow properties","refUnit":"kg"},"defaultProvider":{"@type":"Process","@id":"7ba71e21-7345-4563-8ff2-a15db67f4429","name":"7. Outdoor HVAC energy NB","category":"Cannabis Production/Canadian outdoor production","processType":"UNIT_PROCESS","flowType":"PRODUCT_FLOW"}},{"@type":"Exchange","isAvoidedProduct":false,"isInput":true,"amount":0.549557258,"internalId":7,"flow":{"@type":"Flow","@id":"fb76d2b4-16bb-4373-bcdf-03545f362b83","name":"pesticide, unspecified","category":"C:Manufacturing/20:Manufacture of chemicals and chemical products/201:Manufacture of basic chemicals, fertilizers and nitrogen compounds, plastics/2011:Manufacture of basic chemicals","flowType":"PRODUCT_FLOW","refUnit":"kg"},"unit":{"@type":"Unit","@id":"20aadc24-a391-41cf-b340-3e4529f44bde","name":"kg"},"flowProperty":{"@type":"FlowProperty","@id":"93a60a56-a3c8-11da-a746-0800200b9a66","name":"Mass","category":"Technical flow properties","refUnit":"kg"},"defaultProvider":{"@type":"Process","@id":"53899752-dd85-334d-9646-80cbb3812245","name":"pesticide production, unspecified | pesticide, unspecified | Cutoff, U","category":"C:Manufacturing/20:Manufacture of chemicals and chemical products/202:Manufacture of other chemical products/2021:Manufacture of pesticides and other agrochemical products","processType":"UNIT_PROCESS","flowType":"PRODUCT_FLOW","location":"RoW"}}],"socialAspects":[],"allocationFactors":[]}