{"@type":"Process","@id":"4b4f95ad-e4dd-4e7f-be30-c8204c828503","name":"1. Full indoor production NB","description":"","category":"Cannabis Production/Canadian Indoor Production","version":"00.00.002","lastChange":"2023-08-27T18:55:20.983Z","processType":"UNIT_PROCESS","isInfrastructureProcess":false,"processDocumentation":{"isCopyrightProtected":false,"creationDate":"2023-05-25T13:41:25.132"},"lastInternalId":4,"parameters":[],"exchanges":[{"@type":"Exchange","isAvoidedProduct":false,"isInput":false,"amount":1.0,"internalId":1,"flow":{"@type":"Flow","@id":"ccc8dae5-9ac5-4150-851a-88a2e24aa796","name":"1. Full indoor production NB","flowType":"PRODUCT_FLOW","refUnit":"kg"},"unit":{"@type":"Unit","@id":"20aadc24-a391-41cf-b340-3e4529f44bde","name":"kg"},"flowProperty":{"@type":"FlowProperty","@id":"93a60a56-a3c8-11da-a746-0800200b9a66","name":"Mass","category":"Technical flow properties","refUnit":"kg"},"isQuantitativeReference":true},{"@type":"Exchange","isAvoidedProduct":false,"isInput":true,"amount":1.0,"internalId":3,"flow":{"@type":"Flow","@id":"e5ed159c-1679-4836-807d-f54eff69fbad","name":"2. Indoor drying of fresh cannabis NB","flowType":"PRODUCT_FLOW","refUnit":"kg"},"unit":{"@type":"Unit","@id":"20aadc24-a391-41cf-b340-3e4529f44bde","name":"kg"},"flowProperty":{"@type":"FlowProperty","@id":"93a60a56-a3c8-11da-a746-0800200b9a66","name":"Mass","category":"Technical flow properties","refUnit":"kg"},"defaultProvider":{"@type":"Process","@id":"b2cf78a9-a550-48e5-b098-c79ad957eb60","name":"2. Indoor drying of fresh cannabis NB","category":"Cannabis Production/Canadian Indoor Production","processType":"UNIT_PROCESS","flowType":"PRODUCT_FLOW"}},{"@type":"Exchange","isAvoidedProduct":false,"isInput":true,"amount":1.0,"internalId":4,"flow":{"@type":"Flow","@id":"90626fec-22e7-476a-a14f-01850319154c","name":"3. Transport Cannabis Canada outdoor","flowType":"PRODUCT_FLOW","refUnit":"kg"},"unit":{"@type":"Unit","@id":"20aadc24-a391-41cf-b340-3e4529f44bde","name":"kg"},"flowProperty":{"@type":"FlowProperty","@id":"93a60a56-a3c8-11da-a746-0800200b9a66","name":"Mass","category":"Technical flow properties","refUnit":"kg"},"defaultProvider":{"@type":"Process","@id":"3a1fe70b-ee20-4351-a01b-7e58f24a6889","name":"3. Transport Cannabis Canada indoor","category":"Cannabis Production/Canadian Indoor Production","processType":"UNIT_PROCESS","flowType":"PRODUCT_FLOW"}}],"socialAspects":[],"allocationFactors":[]}