{"@type":"Process","@id":"5321307b-b655-474d-a6ca-3547f36429f1","name":"1. Full indoor production NS","description":"","category":"Cannabis Production/Canadian Indoor Production","version":"00.00.002","lastChange":"2023-08-26T23:35:52.399Z","processType":"UNIT_PROCESS","isInfrastructureProcess":false,"processDocumentation":{"isCopyrightProtected":false,"creationDate":"2023-05-25T13:41:42.357"},"lastInternalId":4,"parameters":[],"exchanges":[{"@type":"Exchange","isAvoidedProduct":false,"isInput":false,"amount":1.0,"internalId":1,"flow":{"@type":"Flow","@id":"2b044e19-7024-4e23-9f5c-4ffa61f589be","name":"1. Full indoor production NS","flowType":"PRODUCT_FLOW","refUnit":"kg"},"unit":{"@type":"Unit","@id":"20aadc24-a391-41cf-b340-3e4529f44bde","name":"kg"},"flowProperty":{"@type":"FlowProperty","@id":"93a60a56-a3c8-11da-a746-0800200b9a66","name":"Mass","category":"Technical flow properties","refUnit":"kg"},"isQuantitativeReference":true},{"@type":"Exchange","isAvoidedProduct":false,"isInput":true,"amount":1.0,"internalId":3,"flow":{"@type":"Flow","@id":"5ff6db0d-4a10-4ddd-85fa-3091a0e4dc7b","name":"2. Indoor drying of fresh cannabis NS","flowType":"PRODUCT_FLOW","refUnit":"kg"},"unit":{"@type":"Unit","@id":"20aadc24-a391-41cf-b340-3e4529f44bde","name":"kg"},"flowProperty":{"@type":"FlowProperty","@id":"93a60a56-a3c8-11da-a746-0800200b9a66","name":"Mass","category":"Technical flow properties","refUnit":"kg"},"defaultProvider":{"@type":"Process","@id":"2372fcac-77cf-47c2-8f9f-26c57623d5f1","name":"2. Indoor drying of fresh cannabis NS","category":"Cannabis Production/Canadian Indoor Production","processType":"UNIT_PROCESS","flowType":"PRODUCT_FLOW"}},{"@type":"Exchange","isAvoidedProduct":false,"isInput":true,"amount":1.0,"internalId":4,"flow":{"@type":"Flow","@id":"90626fec-22e7-476a-a14f-01850319154c","name":"3. Transport Cannabis Canada outdoor","flowType":"PRODUCT_FLOW","refUnit":"kg"},"unit":{"@type":"Unit","@id":"20aadc24-a391-41cf-b340-3e4529f44bde","name":"kg"},"flowProperty":{"@type":"FlowProperty","@id":"93a60a56-a3c8-11da-a746-0800200b9a66","name":"Mass","category":"Technical flow properties","refUnit":"kg"},"defaultProvider":{"@type":"Process","@id":"3a1fe70b-ee20-4351-a01b-7e58f24a6889","name":"3. Transport Cannabis Canada indoor","category":"Cannabis Production/Canadian Indoor Production","processType":"UNIT_PROCESS","flowType":"PRODUCT_FLOW"}}],"socialAspects":[],"allocationFactors":[]}