{"@type":"Process","@id":"6cda8ad9-5ea6-43d5-9a9d-a97548c737b9","name":"1. Full outdoor production NL","description":"","category":"Cannabis Production/Canadian outdoor production","version":"00.00.004","lastChange":"2023-11-24T18:37:18.332Z","processType":"UNIT_PROCESS","isInfrastructureProcess":false,"processDocumentation":{"isCopyrightProtected":false,"creationDate":"2023-05-25T19:55:52.185"},"lastInternalId":4,"parameters":[],"exchanges":[{"@type":"Exchange","isAvoidedProduct":false,"isInput":false,"amount":1.0,"internalId":1,"flow":{"@type":"Flow","@id":"ee52db01-5c64-479e-8e5d-ac569258ca58","name":"1. Full outdoor production CAN","flowType":"PRODUCT_FLOW","refUnit":"kg"},"unit":{"@type":"Unit","@id":"20aadc24-a391-41cf-b340-3e4529f44bde","name":"kg"},"flowProperty":{"@type":"FlowProperty","@id":"93a60a56-a3c8-11da-a746-0800200b9a66","name":"Mass","category":"Technical flow properties","refUnit":"kg"},"isQuantitativeReference":true},{"@type":"Exchange","isAvoidedProduct":false,"isInput":true,"amount":1.0,"internalId":4,"flow":{"@type":"Flow","@id":"04c21cd9-d5da-4749-8d27-a6aed14a8a84","name":"3. Transport Cannabis Canada","flowType":"PRODUCT_FLOW","refUnit":"kg"},"unit":{"@type":"Unit","@id":"20aadc24-a391-41cf-b340-3e4529f44bde","name":"kg"},"flowProperty":{"@type":"FlowProperty","@id":"93a60a56-a3c8-11da-a746-0800200b9a66","name":"Mass","category":"Technical flow properties","refUnit":"kg"},"defaultProvider":{"@type":"Process","@id":"ed4e46e7-4582-4c44-b82d-01034afe4a07","name":"3. Transport Cannabis Canada outdoor","category":"Cannabis Production/Canadian outdoor production","processType":"UNIT_PROCESS","flowType":"PRODUCT_FLOW"}},{"@type":"Exchange","isAvoidedProduct":false,"isInput":true,"amount":1.0,"internalId":2,"flow":{"@type":"Flow","@id":"a2fb7093-2f1c-4776-840d-e565d357a7e2","name":"2. Indoor drying of fresh cannabis outdoor","flowType":"PRODUCT_FLOW","refUnit":"kg"},"unit":{"@type":"Unit","@id":"20aadc24-a391-41cf-b340-3e4529f44bde","name":"kg"},"flowProperty":{"@type":"FlowProperty","@id":"93a60a56-a3c8-11da-a746-0800200b9a66","name":"Mass","category":"Technical flow properties","refUnit":"kg"},"defaultProvider":{"@type":"Process","@id":"514548b0-dfe9-4c61-88a4-05aeaa1e3ace","name":"2. Outdoor drying of fresh cannabis NL","category":"Cannabis Production/Canadian outdoor production","processType":"UNIT_PROCESS","flowType":"PRODUCT_FLOW"}}],"socialAspects":[],"allocationFactors":[]}