{"@type":"Process","@id":"7b632e51-20d0-4cbc-9451-e220eb494a52","name":"1. Full indoor production BC","description":"","category":"Cannabis Production/Canadian Indoor Production","version":"00.00.019","lastChange":"2023-08-27T18:52:29.093Z","processType":"UNIT_PROCESS","isInfrastructureProcess":false,"processDocumentation":{"isCopyrightProtected":false,"creationDate":"2022-11-27T16:06:50.654"},"lastInternalId":14,"parameters":[],"exchanges":[{"@type":"Exchange","isAvoidedProduct":false,"isInput":false,"amount":1.0,"internalId":11,"flow":{"@type":"Flow","@id":"8dd711bd-4d9f-4089-b010-fe4fa5f2e94f","name":"1 kg dried cannabis BC","flowType":"PRODUCT_FLOW","refUnit":"kg"},"unit":{"@type":"Unit","@id":"20aadc24-a391-41cf-b340-3e4529f44bde","name":"kg"},"flowProperty":{"@type":"FlowProperty","@id":"93a60a56-a3c8-11da-a746-0800200b9a66","name":"Mass","category":"Technical flow properties","refUnit":"kg"},"isQuantitativeReference":true},{"@type":"Exchange","isAvoidedProduct":false,"isInput":true,"amount":1.0,"internalId":3,"flow":{"@type":"Flow","@id":"2443fe1c-7239-4c57-95d6-8db338230f49","name":"2. Indoor drying of fresh cannabis BC","flowType":"PRODUCT_FLOW","refUnit":"kg"},"unit":{"@type":"Unit","@id":"20aadc24-a391-41cf-b340-3e4529f44bde","name":"kg"},"flowProperty":{"@type":"FlowProperty","@id":"93a60a56-a3c8-11da-a746-0800200b9a66","name":"Mass","category":"Technical flow properties","refUnit":"kg"},"defaultProvider":{"@type":"Process","@id":"4e256311-370d-48f6-a265-82d51d44b919","name":"2. Indoor drying of fresh cannabis BC","category":"Cannabis Production/Canadian Indoor Production","processType":"UNIT_PROCESS","flowType":"PRODUCT_FLOW"}},{"@type":"Exchange","isAvoidedProduct":false,"isInput":true,"amount":1.0,"internalId":14,"flow":{"@type":"Flow","@id":"90626fec-22e7-476a-a14f-01850319154c","name":"3. Transport Cannabis Canada outdoor","flowType":"PRODUCT_FLOW","refUnit":"kg"},"unit":{"@type":"Unit","@id":"20aadc24-a391-41cf-b340-3e4529f44bde","name":"kg"},"flowProperty":{"@type":"FlowProperty","@id":"93a60a56-a3c8-11da-a746-0800200b9a66","name":"Mass","category":"Technical flow properties","refUnit":"kg"},"defaultProvider":{"@type":"Process","@id":"3a1fe70b-ee20-4351-a01b-7e58f24a6889","name":"3. Transport Cannabis Canada indoor","category":"Cannabis Production/Canadian Indoor Production","processType":"UNIT_PROCESS","flowType":"PRODUCT_FLOW"}}],"socialAspects":[],"allocationFactors":[]}