{"@type":"Process","@id":"9091df31-0fb6-40b4-9d48-bb353c6ba80f","name":"4. Indoor growing of fresh cannabis NL","description":"","category":"Cannabis Production/Canadian Indoor Production","version":"00.00.002","lastChange":"2023-05-25T17:41:50.677Z","processType":"UNIT_PROCESS","isInfrastructureProcess":false,"processDocumentation":{"isCopyrightProtected":false,"creationDate":"2023-05-25T13:07:56.059"},"lastInternalId":13,"parameters":[],"exchanges":[{"@type":"Exchange","isAvoidedProduct":false,"isInput":false,"amount":4.5,"internalId":1,"flow":{"@type":"Flow","@id":"bf2c7b5e-7a8f-4976-9ae5-1a0858b8c17b","name":"4. Indoor growing of fresh cannabis NL","flowType":"PRODUCT_FLOW","refUnit":"kg"},"unit":{"@type":"Unit","@id":"20aadc24-a391-41cf-b340-3e4529f44bde","name":"kg"},"flowProperty":{"@type":"FlowProperty","@id":"93a60a56-a3c8-11da-a746-0800200b9a66","name":"Mass","category":"Technical flow properties","refUnit":"kg"},"isQuantitativeReference":true},{"@type":"Exchange","isAvoidedProduct":false,"isInput":true,"amount":1.0,"internalId":6,"flow":{"@type":"Flow","@id":"ba498e6e-36ee-4610-ad53-c611f8692dd4","name":"6. Indoor fertilizer Canada","flowType":"PRODUCT_FLOW","refUnit":"m2"},"unit":{"@type":"Unit","@id":"3ce61faa-5716-41c1-aef6-b5920054acc9","name":"m2"},"flowProperty":{"@type":"FlowProperty","@id":"93a60a56-a3c8-19da-a746-0800200c9a66","name":"Area","category":"Technical flow properties","refUnit":"m2"},"defaultProvider":{"@type":"Process","@id":"a0d2e628-4b13-4764-b546-1070c2b0860d","name":"6. Indoor fertilizer Canada","category":"Cannabis Production/Canadian Indoor Production","processType":"UNIT_PROCESS","flowType":"PRODUCT_FLOW"}},{"@type":"Exchange","isAvoidedProduct":false,"isInput":true,"amount":0.309635118,"description":"surfractant","internalId":9,"flow":{"@type":"Flow","@id":"3372cdea-bef5-4186-9ae6-b67a016aa67d","name":"soap","category":"C:Manufacturing/10:Manufacture of food products/104:Manufacture of vegetable and animal oils and fats/1040:Manufacture of vegetable and animal oils and fats","flowType":"PRODUCT_FLOW","refUnit":"kg"},"unit":{"@type":"Unit","@id":"20aadc24-a391-41cf-b340-3e4529f44bde","name":"kg"},"flowProperty":{"@type":"FlowProperty","@id":"93a60a56-a3c8-11da-a746-0800200b9a66","name":"Mass","category":"Technical flow properties","refUnit":"kg"},"defaultProvider":{"@type":"Process","@id":"3700eb98-110f-3ade-b2a8-07cfb94db137","name":"soap production | soap | Cutoff, U","category":"C:Manufacturing/20:Manufacture of chemicals and chemical products/202:Manufacture of other chemical products/2023:Manufacture of soap and detergents, cleaning and polishing preparations, pe","processType":"UNIT_PROCESS","flowType":"PRODUCT_FLOW","location":"RoW"}},{"@type":"Exchange","isAvoidedProduct":false,"isInput":true,"amount":2.69995,"internalId":4,"flow":{"@type":"Flow","@id":"cd27db73-0bae-4afa-a11a-e62153d7594b","name":"expanded perlite","category":"C:Manufacturing/23:Manufacture of other non-metallic mineral products/239:Manufacture of non-metallic mineral products n.e.c./2399:Manufacture of other non-metallic mineral products n.e.c.","flowType":"PRODUCT_FLOW","refUnit":"kg"},"unit":{"@type":"Unit","@id":"20aadc24-a391-41cf-b340-3e4529f44bde","name":"kg"},"flowProperty":{"@type":"FlowProperty","@id":"93a60a56-a3c8-11da-a746-0800200b9a66","name":"Mass","category":"Technical flow properties","refUnit":"kg"},"defaultProvider":{"@type":"Process","@id":"dea383b1-ae88-34da-a49d-441b33e10a56","name":"expanded perlite production | expanded perlite | Cutoff, U","category":"C:Manufacturing/23:Manufacture of other non-metallic mineral products/239:Manufacture of non-metallic mineral products n.e.c./2399:Manufacture of other non-metallic mineral products n.e.c.","processType":"UNIT_PROCESS","flowType":"PRODUCT_FLOW","location":"RoW"}},{"@type":"Exchange","isAvoidedProduct":false,"isInput":true,"amount":652.7479066,"internalId":2,"flow":{"@type":"Flow","@id":"ef644ee9-9e11-4442-9c96-a29f8528dde7","name":"carbon dioxide, liquid","category":"C:Manufacturing/20:Manufacture of chemicals and chemical products/201:Manufacture of basic chemicals, fertilizers and nitrogen compounds, plastics/2011:Manufacture of basic chemicals","flowType":"PRODUCT_FLOW","refUnit":"kg"},"unit":{"@type":"Unit","@id":"20aadc24-a391-41cf-b340-3e4529f44bde","name":"kg"},"flowProperty":{"@type":"FlowProperty","@id":"93a60a56-a3c8-11da-a746-0800200b9a66","name":"Mass","category":"Technical flow properties","refUnit":"kg"},"defaultProvider":{"@type":"Process","@id":"f6ab0d76-9c9f-337c-ae07-8a575a85dc7e","name":"carbon dioxide production, liquid | carbon dioxide, liquid | Cutoff, U","category":"C:Manufacturing/20:Manufacture of chemicals and chemical products/201:Manufacture of basic chemicals, fertilizers and nitrogen compounds, plastics/2011:Manufacture of basic chemicals","processType":"UNIT_PROCESS","flowType":"PRODUCT_FLOW","location":"RoW"}},{"@type":"Exchange","isAvoidedProduct":false,"isInput":true,"amount":1.0,"internalId":13,"flow":{"@type":"Flow","@id":"1baa8901-7965-4cf5-a2c2-cc21625f84b3","name":"7. Indoors HVAC energy NL","flowType":"PRODUCT_FLOW","refUnit":"kg"},"unit":{"@type":"Unit","@id":"20aadc24-a391-41cf-b340-3e4529f44bde","name":"kg"},"flowProperty":{"@type":"FlowProperty","@id":"93a60a56-a3c8-11da-a746-0800200b9a66","name":"Mass","category":"Technical flow properties","refUnit":"kg"},"defaultProvider":{"@type":"Process","@id":"a4f8c802-4943-4319-b521-3b9e5d83cb35","name":"7. Indoors HVAC energy NL","category":"Cannabis Production/Canadian Indoor Production","processType":"UNIT_PROCESS","flowType":"PRODUCT_FLOW"}},{"@type":"Exchange","isAvoidedProduct":false,"isInput":true,"amount":1.8333333,"internalId":3,"flow":{"@type":"Flow","@id":"158170b1-56ca-4aac-9a7a-3d5ff2cb812a","name":"Carbon sequestration in product","flowType":"PRODUCT_FLOW","refUnit":"kg"},"unit":{"@type":"Unit","@id":"20aadc24-a391-41cf-b340-3e4529f44bde","name":"kg"},"flowProperty":{"@type":"FlowProperty","@id":"93a60a56-a3c8-11da-a746-0800200b9a66","name":"Mass","category":"Technical flow properties","refUnit":"kg"},"defaultProvider":{"@type":"Process","@id":"5eb64e3a-d1b2-4a6a-b6b1-1fc54465b302","name":"Carbon sequestration in product","category":"Cannabis Production/Canadian Indoor Production","processType":"UNIT_PROCESS","flowType":"PRODUCT_FLOW"}},{"@type":"Exchange","isAvoidedProduct":false,"isInput":true,"amount":1.2564,"internalId":11,"flow":{"@type":"Flow","@id":"d2184fe3-da8e-40d0-a15e-f35bc3624d26","name":"vegetable oil, refined","category":"C:Manufacturing/10:Manufacture of food products/104:Manufacture of vegetable and animal oils and fats/1040:Manufacture of vegetable and animal oils and fats","flowType":"PRODUCT_FLOW","refUnit":"kg"},"unit":{"@type":"Unit","@id":"20aadc24-a391-41cf-b340-3e4529f44bde","name":"kg"},"flowProperty":{"@type":"FlowProperty","@id":"93a60a56-a3c8-11da-a746-0800200b9a66","name":"Mass","category":"Technical flow properties","refUnit":"kg"},"defaultProvider":{"@type":"Process","@id":"6098e63e-e353-3750-b949-b6fae5515d9c","name":"soybean oil, refined, to generic market for vegetable oil, refined | vegetable oil, refined | Cutoff, U","category":"C:Manufacturing/10:Manufacture of food products/104:Manufacture of vegetable and animal oils and fats/1040:Manufacture of vegetable and animal oils and fats","processType":"UNIT_PROCESS","flowType":"PRODUCT_FLOW","location":"GLO"}},{"@type":"Exchange","isAvoidedProduct":false,"isInput":true,"amount":743.1349,"internalId":5,"flow":{"@type":"Flow","@id":"ea88d315-00e6-4e81-8f16-c86b44fff6d8","name":"HPS fixture material Canada","flowType":"PRODUCT_FLOW","refUnit":"d"},"unit":{"@type":"Unit","@id":"227a54d9-44e7-468c-b8bb-f2dd1ae68c7a","name":"h"},"flowProperty":{"@type":"FlowProperty","@id":"c0447923-0e60-4b3c-97c2-a86dddd9eea5","name":"Duration","category":"Technical flow properties","refUnit":"d"},"defaultProvider":{"@type":"Process","@id":"e1bf708d-fc36-40bd-8dce-003c9ab7326f","name":"5. HPS fixture material Canada","category":"Cannabis Production/Canadian Indoor Production","processType":"UNIT_PROCESS","flowType":"PRODUCT_FLOW"}},{"@type":"Exchange","isAvoidedProduct":false,"isInput":true,"amount":0.1968714,"internalId":7,"flow":{"@type":"Flow","@id":"a7e1dd79-7f97-4f06-86f7-8965e13db3db","name":"peat moss","category":"B:Mining and quarrying/08:Other mining and quarrying/089:Mining and quarrying n.e.c./0892:Extraction of peat","flowType":"PRODUCT_FLOW","refUnit":"m3"},"unit":{"@type":"Unit","@id":"1c3a9695-398d-4b1f-b07e-a8715b610f70","name":"m3"},"flowProperty":{"@type":"FlowProperty","@id":"93a60a56-a3c8-22da-a746-0800200c9a66","name":"Volume","category":"Technical flow properties","refUnit":"m3"},"defaultProvider":{"@type":"Process","@id":"c418d171-529c-3bff-8b89-471f78da795c","name":"peat moss production, horticultural use | peat moss | Cutoff, U","category":"B:Mining and quarrying/08:Other mining and quarrying/089:Mining and quarrying n.e.c./0892:Extraction of peat","processType":"UNIT_PROCESS","flowType":"PRODUCT_FLOW","location":"CA-QC"}},{"@type":"Exchange","isAvoidedProduct":false,"isInput":true,"amount":1.792,"internalId":8,"flow":{"@type":"Flow","@id":"fb76d2b4-16bb-4373-bcdf-03545f362b83","name":"pesticide, unspecified","category":"C:Manufacturing/20:Manufacture of chemicals and chemical products/201:Manufacture of basic chemicals, fertilizers and nitrogen compounds, plastics/2011:Manufacture of basic chemicals","flowType":"PRODUCT_FLOW","refUnit":"kg"},"unit":{"@type":"Unit","@id":"20aadc24-a391-41cf-b340-3e4529f44bde","name":"kg"},"flowProperty":{"@type":"FlowProperty","@id":"93a60a56-a3c8-11da-a746-0800200b9a66","name":"Mass","category":"Technical flow properties","refUnit":"kg"},"defaultProvider":{"@type":"Process","@id":"53899752-dd85-334d-9646-80cbb3812245","name":"pesticide production, unspecified | pesticide, unspecified | Cutoff, U","category":"C:Manufacturing/20:Manufacture of chemicals and chemical products/202:Manufacture of other chemical products/2021:Manufacture of pesticides and other agrochemical products","processType":"UNIT_PROCESS","flowType":"PRODUCT_FLOW","location":"RoW"}},{"@type":"Exchange","isAvoidedProduct":false,"isInput":true,"amount":2221.49,"internalId":10,"flow":{"@type":"Flow","@id":"c5adb1fb-872e-4446-a3bb-c4b61aa4bd45","name":"tap water","category":"E:Water supply; sewerage, waste management and remediation activities/36:Water collection, treatment and supply/360:Water collection, treatment and supply/3600:Water collection, treatment and supply","flowType":"PRODUCT_FLOW","refUnit":"kg"},"unit":{"@type":"Unit","@id":"20aadc24-a391-41cf-b340-3e4529f44bde","name":"kg"},"flowProperty":{"@type":"FlowProperty","@id":"93a60a56-a3c8-11da-a746-0800200b9a66","name":"Mass","category":"Technical flow properties","refUnit":"kg"},"defaultProvider":{"@type":"Process","@id":"c0e5ecf6-b1ea-3176-a810-aa503735ad66","name":"tap water production, conventional treatment | tap water | Cutoff, U","category":"E:Water supply; sewerage, waste management and remediation activities/36:Water collection, treatment and supply/360:Water collection, treatment and supply/3600:Water collection, treatment and supply","processType":"UNIT_PROCESS","flowType":"PRODUCT_FLOW","location":"RoW"}}],"socialAspects":[],"allocationFactors":[]}