{"@type":"Process","@id":"9f5f1cda-9cb1-4c2f-9691-8b79fd0b92b3","name":"2. Indoor drying of fresh cannabis PE","description":"","category":"Cannabis Production/Canadian Indoor Production","version":"00.00.003","lastChange":"2023-08-27T20:29:26.352Z","processType":"UNIT_PROCESS","isInfrastructureProcess":false,"processDocumentation":{"isCopyrightProtected":false,"creationDate":"2023-05-25T13:22:25.868"},"lastInternalId":9,"parameters":[],"exchanges":[{"@type":"Exchange","isAvoidedProduct":false,"isInput":false,"amount":1.0,"internalId":1,"flow":{"@type":"Flow","@id":"796e68af-e679-4f23-93af-529aca81fb65","name":"2. Indoor drying of fresh cannabis PE","flowType":"PRODUCT_FLOW","refUnit":"kg"},"unit":{"@type":"Unit","@id":"20aadc24-a391-41cf-b340-3e4529f44bde","name":"kg"},"flowProperty":{"@type":"FlowProperty","@id":"93a60a56-a3c8-11da-a746-0800200b9a66","name":"Mass","category":"Technical flow properties","refUnit":"kg"},"isQuantitativeReference":true},{"@type":"Exchange","isAvoidedProduct":false,"isInput":false,"amount":3.5,"internalId":5,"flow":{"@type":"Flow","@id":"fe0acd60-3ddc-11dd-ac07-0050c2490048","name":"Water vapour","category":"Elementary flows/Emission to air/low population density","flowType":"ELEMENTARY_FLOW","refUnit":"kg"},"unit":{"@type":"Unit","@id":"20aadc24-a391-41cf-b340-3e4529f44bde","name":"kg"},"flowProperty":{"@type":"FlowProperty","@id":"93a60a56-a3c8-11da-a746-0800200b9a66","name":"Mass","category":"Technical flow properties","refUnit":"kg"}},{"@type":"Exchange","isAvoidedProduct":false,"isInput":true,"amount":4.5,"internalId":6,"flow":{"@type":"Flow","@id":"15ec2a73-f8a7-4602-a5ac-55edbf6478cf","name":"4. Indoor growing of fresh cannabis PE","flowType":"PRODUCT_FLOW","refUnit":"kg"},"unit":{"@type":"Unit","@id":"20aadc24-a391-41cf-b340-3e4529f44bde","name":"kg"},"flowProperty":{"@type":"FlowProperty","@id":"93a60a56-a3c8-11da-a746-0800200b9a66","name":"Mass","category":"Technical flow properties","refUnit":"kg"},"defaultProvider":{"@type":"Process","@id":"17910fa1-66f7-45ba-90e4-ed6882f123b4","name":"4. Indoor growing of fresh cannabis PE","category":"Cannabis Production/Canadian Indoor Production","processType":"UNIT_PROCESS","flowType":"PRODUCT_FLOW"}},{"@type":"Exchange","isAvoidedProduct":false,"isInput":true,"amount":17.0211,"internalId":8,"flow":{"@type":"Flow","@id":"82556ea2-28f6-4c98-b2e8-d5bc508a23a9","name":"CH4 emission from landill","flowType":"PRODUCT_FLOW","refUnit":"kg"},"unit":{"@type":"Unit","@id":"20aadc24-a391-41cf-b340-3e4529f44bde","name":"kg"},"flowProperty":{"@type":"FlowProperty","@id":"93a60a56-a3c8-11da-a746-0800200b9a66","name":"Mass","category":"Technical flow properties","refUnit":"kg"},"defaultProvider":{"@type":"Process","@id":"6c57d639-eb8a-4f0e-b718-644cbce8fa97","name":"CH4 emission from landill","category":"Cannabis Production/Canadian Indoor Production","processType":"UNIT_PROCESS","flowType":"PRODUCT_FLOW"}},{"@type":"Exchange","isAvoidedProduct":false,"isInput":true,"amount":120.6268649,"internalId":7,"flow":{"@type":"Flow","@id":"f6a78221-3d52-448b-b65a-b0d1476ea132","name":"carbon sequestration from landfill","flowType":"PRODUCT_FLOW","refUnit":"kg"},"unit":{"@type":"Unit","@id":"20aadc24-a391-41cf-b340-3e4529f44bde","name":"kg"},"flowProperty":{"@type":"FlowProperty","@id":"93a60a56-a3c8-11da-a746-0800200b9a66","name":"Mass","category":"Technical flow properties","refUnit":"kg"},"defaultProvider":{"@type":"Process","@id":"6800585a-c33b-4237-b844-9586f728d1ce","name":"carbon sequestration from landfill","category":"Cannabis Production/Canadian Indoor Production","processType":"UNIT_PROCESS","flowType":"PRODUCT_FLOW"}},{"@type":"Exchange","isAvoidedProduct":false,"isInput":true,"amount":16.08121831,"internalId":9,"flow":{"@type":"Flow","@id":"14c7eee8-a0e4-41e7-aeb4-8835f376503a","name":"CO2 emission from landfill","flowType":"PRODUCT_FLOW","refUnit":"kg"},"unit":{"@type":"Unit","@id":"20aadc24-a391-41cf-b340-3e4529f44bde","name":"kg"},"flowProperty":{"@type":"FlowProperty","@id":"93a60a56-a3c8-11da-a746-0800200b9a66","name":"Mass","category":"Technical flow properties","refUnit":"kg"},"defaultProvider":{"@type":"Process","@id":"ddc16296-edb6-4597-a240-3e2aa0836a3f","name":"CO2 emission from landfill","category":"Cannabis Production/Canadian Indoor Production","processType":"UNIT_PROCESS","flowType":"PRODUCT_FLOW"}}],"socialAspects":[],"allocationFactors":[]}