{"@type":"Process","@id":"a0d2e628-4b13-4764-b546-1070c2b0860d","name":"6. Indoor fertilizer Canada","description":"","category":"Cannabis Production/Canadian Indoor Production","version":"00.00.024","lastChange":"2023-05-28T20:21:27.844Z","processType":"UNIT_PROCESS","isInfrastructureProcess":false,"processDocumentation":{"isCopyrightProtected":false,"creationDate":"2022-11-26T19:07:06.868"},"lastInternalId":27,"parameters":[],"exchanges":[{"@type":"Exchange","isAvoidedProduct":false,"isInput":false,"amount":1.0,"internalId":1,"flow":{"@type":"Flow","@id":"ba498e6e-36ee-4610-ad53-c611f8692dd4","name":"6. Indoor fertilizer Canada","flowType":"PRODUCT_FLOW","refUnit":"m2"},"unit":{"@type":"Unit","@id":"3ce61faa-5716-41c1-aef6-b5920054acc9","name":"m2"},"flowProperty":{"@type":"FlowProperty","@id":"93a60a56-a3c8-19da-a746-0800200c9a66","name":"Area","category":"Technical flow properties","refUnit":"m2"},"isQuantitativeReference":true},{"@type":"Exchange","isAvoidedProduct":false,"isInput":true,"amount":3.5334E-4,"internalId":16,"flow":{"@type":"Flow","@id":"af8e83db-0635-4d51-b42d-f3059ba6f76c","name":"zinc sulfide","category":"C:Manufacturing/24:Manufacture of basic metals/242:Manufacture of basic precious and other non-ferrous metals/2420:Manufacture of basic precious and other non-ferrous metals","flowType":"PRODUCT_FLOW","refUnit":"kg"},"unit":{"@type":"Unit","@id":"e1317ffc-7f83-4a85-bc65-4fb229a25cf8","name":"g"},"flowProperty":{"@type":"FlowProperty","@id":"93a60a56-a3c8-11da-a746-0800200b9a66","name":"Mass","category":"Technical flow properties","refUnit":"kg"},"defaultProvider":{"@type":"Process","@id":"aaf12077-a4fc-3aaa-a20e-de47ddfceb54","name":"zinc sulfide production | zinc sulfide | Cutoff, U","category":"C:Manufacturing/20:Manufacture of chemicals and chemical products/201:Manufacture of basic chemicals, fertilizers and nitrogen compounds, plastics/2011:Manufacture of basic chemicals","processType":"UNIT_PROCESS","flowType":"PRODUCT_FLOW","location":"RoW"}},{"@type":"Exchange","isAvoidedProduct":false,"isInput":true,"amount":7.49362E-6,"internalId":12,"flow":{"@type":"Flow","@id":"a9933f96-aeab-449a-9731-558b24af2d94","name":"molybdenum","category":"C:Manufacturing/24:Manufacture of basic metals/242:Manufacture of basic precious and other non-ferrous metals/2420:Manufacture of basic precious and other non-ferrous metals","flowType":"PRODUCT_FLOW","refUnit":"kg"},"unit":{"@type":"Unit","@id":"e1317ffc-7f83-4a85-bc65-4fb229a25cf8","name":"g"},"flowProperty":{"@type":"FlowProperty","@id":"93a60a56-a3c8-11da-a746-0800200b9a66","name":"Mass","category":"Technical flow properties","refUnit":"kg"},"defaultProvider":{"@type":"Process","@id":"4c48eb06-ca7b-39f2-8ebc-e08551f7e29a","name":"molybdenum production | molybdenum | Cutoff, U","category":"C:Manufacturing/24:Manufacture of basic metals/242:Manufacture of basic precious and other non-ferrous metals/2420:Manufacture of basic precious and other non-ferrous metals","processType":"UNIT_PROCESS","flowType":"PRODUCT_FLOW","location":"RoW"}},{"@type":"Exchange","isAvoidedProduct":false,"isInput":false,"amount":1.8358,"internalId":21,"flow":{"@type":"Flow","@id":"87883a4e-1e3e-4c9d-90c0-f1bea36f8014","name":"Ammonia","category":"Elementary flows/Emission to air/unspecified","flowType":"ELEMENTARY_FLOW","refUnit":"kg"},"unit":{"@type":"Unit","@id":"e1317ffc-7f83-4a85-bc65-4fb229a25cf8","name":"g"},"flowProperty":{"@type":"FlowProperty","@id":"93a60a56-a3c8-11da-a746-0800200b9a66","name":"Mass","category":"Technical flow properties","refUnit":"kg"}},{"@type":"Exchange","isAvoidedProduct":false,"isInput":true,"amount":327.826,"internalId":27,"flow":{"@type":"Flow","@id":"c5adb1fb-872e-4446-a3bb-c4b61aa4bd45","name":"tap water","category":"E:Water supply; sewerage, waste management and remediation activities/36:Water collection, treatment and supply/360:Water collection, treatment and supply/3600:Water collection, treatment and supply","flowType":"PRODUCT_FLOW","refUnit":"kg"},"unit":{"@type":"Unit","@id":"20aadc24-a391-41cf-b340-3e4529f44bde","name":"kg"},"flowProperty":{"@type":"FlowProperty","@id":"93a60a56-a3c8-11da-a746-0800200b9a66","name":"Mass","category":"Technical flow properties","refUnit":"kg"},"defaultProvider":{"@type":"Process","@id":"c0e5ecf6-b1ea-3176-a810-aa503735ad66","name":"tap water production, conventional treatment | tap water | Cutoff, U","category":"E:Water supply; sewerage, waste management and remediation activities/36:Water collection, treatment and supply/360:Water collection, treatment and supply/3600:Water collection, treatment and supply","processType":"UNIT_PROCESS","flowType":"PRODUCT_FLOW","location":"RoW"}},{"@type":"Exchange","isAvoidedProduct":false,"isInput":true,"amount":3.31817E-5,"internalId":11,"flow":{"@type":"Flow","@id":"773ddd01-c21c-416a-b314-e7af97aa0abd","name":"manganese sulfate","category":"C:Manufacturing/20:Manufacture of chemicals and chemical products/201:Manufacture of basic chemicals, fertilizers and nitrogen compounds, plastics/2011:Manufacture of basic chemicals","flowType":"PRODUCT_FLOW","refUnit":"kg"},"unit":{"@type":"Unit","@id":"e1317ffc-7f83-4a85-bc65-4fb229a25cf8","name":"g"},"flowProperty":{"@type":"FlowProperty","@id":"93a60a56-a3c8-11da-a746-0800200b9a66","name":"Mass","category":"Technical flow properties","refUnit":"kg"},"defaultProvider":{"@type":"Process","@id":"a5f93671-b98d-34ca-9adf-95cd00e0c01b","name":"manganese sulfate production | manganese sulfate | Cutoff, U","category":"C:Manufacturing/20:Manufacture of chemicals and chemical products/201:Manufacture of basic chemicals, fertilizers and nitrogen compounds, plastics/2011:Manufacture of basic chemicals","processType":"UNIT_PROCESS","flowType":"PRODUCT_FLOW","location":"GLO"}},{"@type":"Exchange","isAvoidedProduct":false,"isInput":true,"amount":0.059247533,"internalId":5,"flow":{"@type":"Flow","@id":"94ef9b64-be1e-4fea-a206-a952eb605628","name":"calcium nitrate","category":"C:Manufacturing/20:Manufacture of chemicals and chemical products/201:Manufacture of basic chemicals, fertilizers and nitrogen compounds, plastics/2012:Manufacture of fertilizers and nitrogen compounds","flowType":"PRODUCT_FLOW","refUnit":"kg"},"unit":{"@type":"Unit","@id":"20aadc24-a391-41cf-b340-3e4529f44bde","name":"kg"},"flowProperty":{"@type":"FlowProperty","@id":"93a60a56-a3c8-11da-a746-0800200b9a66","name":"Mass","category":"Technical flow properties","refUnit":"kg"},"defaultProvider":{"@type":"Process","@id":"dc2d5341-4d21-3dd2-bc1b-36dcf7faf9cb","name":"calcium nitrate production | calcium nitrate | Cutoff, U","category":"C:Manufacturing/20:Manufacture of chemicals and chemical products/201:Manufacture of basic chemicals, fertilizers and nitrogen compounds, plastics/2012:Manufacture of fertilizers and nitrogen compounds","processType":"UNIT_PROCESS","flowType":"PRODUCT_FLOW","location":"RoW"}},{"@type":"Exchange","isAvoidedProduct":false,"isInput":true,"amount":0.040443566,"internalId":2,"flow":{"@type":"Flow","@id":"a498d9fb-9402-4374-b2e2-3f85f5d98f43","name":"ammonium nitrate","category":"C:Manufacturing/20:Manufacture of chemicals and chemical products/201:Manufacture of basic chemicals, fertilizers and nitrogen compounds, plastics/2012:Manufacture of fertilizers and nitrogen compounds","flowType":"PRODUCT_FLOW","refUnit":"kg"},"unit":{"@type":"Unit","@id":"20aadc24-a391-41cf-b340-3e4529f44bde","name":"kg"},"flowProperty":{"@type":"FlowProperty","@id":"93a60a56-a3c8-11da-a746-0800200b9a66","name":"Mass","category":"Technical flow properties","refUnit":"kg"},"defaultProvider":{"@type":"Process","@id":"a0146012-0697-3025-b482-732f3f2c9cfb","name":"ammonium nitrate production | ammonium nitrate | Cutoff, U","category":"C:Manufacturing/20:Manufacture of chemicals and chemical products/201:Manufacture of basic chemicals, fertilizers and nitrogen compounds, plastics/2012:Manufacture of fertilizers and nitrogen compounds","processType":"UNIT_PROCESS","flowType":"PRODUCT_FLOW","location":"RNA"}},{"@type":"Exchange","isAvoidedProduct":false,"isInput":true,"amount":0.002635262,"internalId":8,"flow":{"@type":"Flow","@id":"c614ee4a-ee63-4b51-b129-8a18a5e458fe","name":"iron sulfate","category":"C:Manufacturing/20:Manufacture of chemicals and chemical products/201:Manufacture of basic chemicals, fertilizers and nitrogen compounds, plastics/2011:Manufacture of basic chemicals","flowType":"PRODUCT_FLOW","refUnit":"kg"},"unit":{"@type":"Unit","@id":"e1317ffc-7f83-4a85-bc65-4fb229a25cf8","name":"g"},"flowProperty":{"@type":"FlowProperty","@id":"93a60a56-a3c8-11da-a746-0800200b9a66","name":"Mass","category":"Technical flow properties","refUnit":"kg"},"defaultProvider":{"@type":"Process","@id":"19b85401-4fa4-3a3f-abc8-88d73a4251b6","name":"iron sulfate production | iron sulfate | Cutoff, U","category":"C:Manufacturing/20:Manufacture of chemicals and chemical products/201:Manufacture of basic chemicals, fertilizers and nitrogen compounds, plastics/2011:Manufacture of basic chemicals","processType":"UNIT_PROCESS","flowType":"PRODUCT_FLOW","location":"RoW"}},{"@type":"Exchange","isAvoidedProduct":false,"isInput":true,"amount":0.103164612,"internalId":10,"flow":{"@type":"Flow","@id":"0b9fafd6-2b18-4ec6-a155-26ce0685cffc","name":"magnesium sulfate","category":"B:Mining and quarrying/07:Mining of metal ores/072:Mining of non-ferrous metal ores/0729:Mining of other non-ferrous metal ores","flowType":"PRODUCT_FLOW","refUnit":"kg"},"unit":{"@type":"Unit","@id":"20aadc24-a391-41cf-b340-3e4529f44bde","name":"kg"},"flowProperty":{"@type":"FlowProperty","@id":"93a60a56-a3c8-11da-a746-0800200b9a66","name":"Mass","category":"Technical flow properties","refUnit":"kg"},"defaultProvider":{"@type":"Process","@id":"85210e9a-42bb-335d-8581-502887c820ac","name":"magnesium sulfate production | magnesium sulfate | Cutoff, U","category":"B:Mining and quarrying/07:Mining of metal ores/072:Mining of non-ferrous metal ores/0729:Mining of other non-ferrous metal ores","processType":"UNIT_PROCESS","flowType":"PRODUCT_FLOW","location":"RoW"}},{"@type":"Exchange","isAvoidedProduct":false,"isInput":false,"amount":0.57828537,"internalId":26,"flow":{"@type":"Flow","@id":"c8791f3c-3c4a-4278-91c0-483797d14da2","name":"Phosphate","category":"Elementary flows/Emission to water/unspecified","flowType":"ELEMENTARY_FLOW","refUnit":"kg"},"unit":{"@type":"Unit","@id":"e1317ffc-7f83-4a85-bc65-4fb229a25cf8","name":"g"},"flowProperty":{"@type":"FlowProperty","@id":"93a60a56-a3c8-11da-a746-0800200b9a66","name":"Mass","category":"Technical flow properties","refUnit":"kg"}},{"@type":"Exchange","isAvoidedProduct":false,"isInput":false,"amount":0.096380895,"internalId":18,"flow":{"@type":"Flow","@id":"d9d14565-ed4d-3ffb-b9e0-a4ebd2031b80","name":"Nitrogen oxides, wrld pop av","category":"Emission to air/unspecified","flowType":"ELEMENTARY_FLOW","refUnit":"kg"},"unit":{"@type":"Unit","@id":"e1317ffc-7f83-4a85-bc65-4fb229a25cf8","name":"g"},"flowProperty":{"@type":"FlowProperty","@id":"93a60a56-a3c8-11da-a746-0800200b9a66","name":"Mass","category":"Technical flow properties","refUnit":"kg"}},{"@type":"Exchange","isAvoidedProduct":false,"isInput":true,"amount":2.81404E-4,"internalId":4,"flow":{"@type":"Flow","@id":"6a0bd6ed-8952-4f65-9117-b864669b9235","name":"borax, anhydrous, powder","category":"C:Manufacturing/20:Manufacture of chemicals and chemical products/201:Manufacture of basic chemicals, fertilizers and nitrogen compounds, plastics/2011:Manufacture of basic chemicals","flowType":"PRODUCT_FLOW","refUnit":"kg"},"unit":{"@type":"Unit","@id":"e1317ffc-7f83-4a85-bc65-4fb229a25cf8","name":"g"},"flowProperty":{"@type":"FlowProperty","@id":"93a60a56-a3c8-11da-a746-0800200b9a66","name":"Mass","category":"Technical flow properties","refUnit":"kg"},"defaultProvider":{"@type":"Process","@id":"ba46c7e6-4838-3237-90c1-17fefd57b974","name":"borax production, anhydrous, powder | borax, anhydrous, powder | Cutoff, U","category":"C:Manufacturing/20:Manufacture of chemicals and chemical products/201:Manufacture of basic chemicals, fertilizers and nitrogen compounds, plastics/2011:Manufacture of basic chemicals","processType":"UNIT_PROCESS","flowType":"PRODUCT_FLOW","location":"RoW"}},{"@type":"Exchange","isAvoidedProduct":false,"isInput":true,"amount":0.130312375,"internalId":15,"flow":{"@type":"Flow","@id":"97c03bf4-867b-44c4-93fe-f090be5bddcc","name":"potassium nitrate, agricultural grade","category":"C:Manufacturing/20:Manufacture of chemicals and chemical products/201:Manufacture of basic chemicals, fertilizers and nitrogen compounds, plastics/2012:Manufacture of fertilizers and nitrogen compounds","flowType":"PRODUCT_FLOW","refUnit":"kg"},"unit":{"@type":"Unit","@id":"20aadc24-a391-41cf-b340-3e4529f44bde","name":"kg"},"flowProperty":{"@type":"FlowProperty","@id":"93a60a56-a3c8-11da-a746-0800200b9a66","name":"Mass","category":"Technical flow properties","refUnit":"kg"},"defaultProvider":{"@type":"Process","@id":"54ad5d0c-73b0-386b-b9d1-05f83e235a29","name":"potassium nitrate production, agricultural grade | potassium nitrate, agricultural grade | Cutoff, U","category":"C:Manufacturing/20:Manufacture of chemicals and chemical products/201:Manufacture of basic chemicals, fertilizers and nitrogen compounds, plastics/2012:Manufacture of fertilizers and nitrogen compounds","processType":"UNIT_PROCESS","flowType":"PRODUCT_FLOW","location":"CL"}},{"@type":"Exchange","isAvoidedProduct":false,"isInput":false,"amount":0.459,"internalId":22,"flow":{"@type":"Flow","@id":"20185046-64bb-4c09-a8e7-e8a9e144ca98","name":"Dinitrogen monoxide","category":"Elementary flows/Emission to air/unspecified","flowType":"ELEMENTARY_FLOW","refUnit":"kg"},"unit":{"@type":"Unit","@id":"e1317ffc-7f83-4a85-bc65-4fb229a25cf8","name":"g"},"flowProperty":{"@type":"FlowProperty","@id":"93a60a56-a3c8-11da-a746-0800200b9a66","name":"Mass","category":"Technical flow properties","refUnit":"kg"}},{"@type":"Exchange","isAvoidedProduct":false,"isInput":true,"amount":0.007705085,"internalId":3,"flow":{"@type":"Flow","@id":"6f4bede8-f885-499c-8ac9-6832e35d9d16","name":"ammonium sulfate","category":"C:Manufacturing/20:Manufacture of chemicals and chemical products/201:Manufacture of basic chemicals, fertilizers and nitrogen compounds, plastics/2012:Manufacture of fertilizers and nitrogen compounds","flowType":"PRODUCT_FLOW","refUnit":"kg"},"unit":{"@type":"Unit","@id":"20aadc24-a391-41cf-b340-3e4529f44bde","name":"kg"},"flowProperty":{"@type":"FlowProperty","@id":"93a60a56-a3c8-11da-a746-0800200b9a66","name":"Mass","category":"Technical flow properties","refUnit":"kg"},"defaultProvider":{"@type":"Process","@id":"a1acacd0-13f3-372f-8c35-efbe9726fb53","name":"ammonium sulfate production | ammonium sulfate | Cutoff, U","category":"C:Manufacturing/20:Manufacture of chemicals and chemical products/201:Manufacture of basic chemicals, fertilizers and nitrogen compounds, plastics/2012:Manufacture of fertilizers and nitrogen compounds","processType":"UNIT_PROCESS","flowType":"PRODUCT_FLOW","location":"RER"}},{"@type":"Exchange","isAvoidedProduct":false,"isInput":false,"amount":0.458956645,"internalId":24,"flow":{"@type":"Flow","@id":"5189de76-6bbb-44ba-8c42-5714f1b4371f","name":"Nitrate","category":"Elementary flows/Emission to water/unspecified","flowType":"ELEMENTARY_FLOW","refUnit":"kg"},"unit":{"@type":"Unit","@id":"e1317ffc-7f83-4a85-bc65-4fb229a25cf8","name":"g"},"flowProperty":{"@type":"FlowProperty","@id":"93a60a56-a3c8-11da-a746-0800200b9a66","name":"Mass","category":"Technical flow properties","refUnit":"kg"}},{"@type":"Exchange","isAvoidedProduct":false,"isInput":true,"amount":5.50328E-4,"internalId":6,"flow":{"@type":"Flow","@id":"38646d90-4680-4034-b60a-ccb48a2f6853","name":"copper sulfate","category":"C:Manufacturing/20:Manufacture of chemicals and chemical products/201:Manufacture of basic chemicals, fertilizers and nitrogen compounds, plastics/2011:Manufacture of basic chemicals","flowType":"PRODUCT_FLOW","refUnit":"kg"},"unit":{"@type":"Unit","@id":"e1317ffc-7f83-4a85-bc65-4fb229a25cf8","name":"g"},"flowProperty":{"@type":"FlowProperty","@id":"93a60a56-a3c8-11da-a746-0800200b9a66","name":"Mass","category":"Technical flow properties","refUnit":"kg"},"defaultProvider":{"@type":"Process","@id":"790ed9ee-bf19-32e2-b93a-ca0e9c0b5d14","name":"copper sulfate production | copper sulfate | Cutoff, U","category":"C:Manufacturing/20:Manufacture of chemicals and chemical products/201:Manufacture of basic chemicals, fertilizers and nitrogen compounds, plastics/2011:Manufacture of basic chemicals","processType":"UNIT_PROCESS","flowType":"PRODUCT_FLOW","location":"GLO"}},{"@type":"Exchange","isAvoidedProduct":false,"isInput":true,"amount":0.013389164,"internalId":20,"flow":{"@type":"Flow","@id":"d1567df0-6921-5a69-adb0-71cacf11683c","name":"monoammonium phosphate","category":"C:Manufacturing/20:Manufacture of chemicals and chemical products/201:Manufacture of basic chemicals, fertilizers and nitrogen compounds, plastics/2012:Manufacture of fertilizers and nitrogen compounds","flowType":"PRODUCT_FLOW","refUnit":"kg"},"unit":{"@type":"Unit","@id":"20aadc24-a391-41cf-b340-3e4529f44bde","name":"kg"},"flowProperty":{"@type":"FlowProperty","@id":"93a60a56-a3c8-11da-a746-0800200b9a66","name":"Mass","category":"Technical flow properties","refUnit":"kg"},"defaultProvider":{"@type":"Process","@id":"557f240f-26fa-3b27-bb7a-2796742e84ee","name":"monoammonium phosphate production | monoammonium phosphate | Cutoff, U","category":"C:Manufacturing/20:Manufacture of chemicals and chemical products/201:Manufacture of basic chemicals, fertilizers and nitrogen compounds, plastics/2012:Manufacture of fertilizers and nitrogen compounds","processType":"UNIT_PROCESS","flowType":"PRODUCT_FLOW","location":"RoW"}}],"socialAspects":[],"allocationFactors":[]}