{"@type":"Process","@id":"d10a0c66-921e-42b9-b7d2-8389245036a1","name":"7. Outdoor HVAC energy AB","description":"","category":"Cannabis Production/Canadian outdoor production","version":"00.00.005","lastChange":"2023-11-24T18:04:13.304Z","processType":"UNIT_PROCESS","isInfrastructureProcess":false,"processDocumentation":{"isCopyrightProtected":false,"creationDate":"2023-05-25T20:10:25.888"},"lastInternalId":4,"parameters":[],"exchanges":[{"@type":"Exchange","isAvoidedProduct":false,"isInput":false,"amount":1.0,"internalId":1,"flow":{"@type":"Flow","@id":"6de57e75-5100-432c-8c75-3318e58401f8","name":"7. Outdoor HVAC energy Can","flowType":"PRODUCT_FLOW","refUnit":"kg"},"unit":{"@type":"Unit","@id":"20aadc24-a391-41cf-b340-3e4529f44bde","name":"kg"},"flowProperty":{"@type":"FlowProperty","@id":"93a60a56-a3c8-11da-a746-0800200b9a66","name":"Mass","category":"Technical flow properties","refUnit":"kg"},"isQuantitativeReference":true},{"@type":"Exchange","isAvoidedProduct":false,"isInput":true,"amount":59.2135188,"description":"Cooling and humidity mgmt","internalId":2,"flow":{"@type":"Flow","@id":"66c93e71-f32b-4591-901c-55395db5c132","name":"electricity, high voltage","category":"D:Electricity, gas, steam and air conditioning supply/35:Electricity, gas, steam and air conditioning supply/351:Electric power generation, transmission and distribution/3510:Electric power generation, transmission and distribution","flowType":"PRODUCT_FLOW","refUnit":"MJ"},"unit":{"@type":"Unit","@id":"86ad2244-1f0e-4912-af53-7865283103e4","name":"kWh"},"flowProperty":{"@type":"FlowProperty","@id":"f6811440-ee37-11de-8a39-0800200c9a66","name":"Energy","category":"Technical flow properties","refUnit":"MJ"},"defaultProvider":{"@type":"Process","@id":"3da35c3f-2e7a-3f4f-bb99-75ceddbc1f5b","name":"electricity, high voltage, production mix | electricity, high voltage | Cutoff, U","category":"D:Electricity, gas, steam and air conditioning supply/35:Electricity, gas, steam and air conditioning supply","processType":"UNIT_PROCESS","flowType":"PRODUCT_FLOW","location":"CA-AB"}},{"@type":"Exchange","isAvoidedProduct":false,"isInput":true,"amount":165.2376,"description":"Growlight","internalId":3,"flow":{"@type":"Flow","@id":"66c93e71-f32b-4591-901c-55395db5c132","name":"electricity, high voltage","category":"D:Electricity, gas, steam and air conditioning supply/35:Electricity, gas, steam and air conditioning supply/351:Electric power generation, transmission and distribution/3510:Electric power generation, transmission and distribution","flowType":"PRODUCT_FLOW","refUnit":"MJ"},"unit":{"@type":"Unit","@id":"86ad2244-1f0e-4912-af53-7865283103e4","name":"kWh"},"flowProperty":{"@type":"FlowProperty","@id":"f6811440-ee37-11de-8a39-0800200c9a66","name":"Energy","category":"Technical flow properties","refUnit":"MJ"},"defaultProvider":{"@type":"Process","@id":"3da35c3f-2e7a-3f4f-bb99-75ceddbc1f5b","name":"electricity, high voltage, production mix | electricity, high voltage | Cutoff, U","category":"D:Electricity, gas, steam and air conditioning supply/35:Electricity, gas, steam and air conditioning supply","processType":"UNIT_PROCESS","flowType":"PRODUCT_FLOW","location":"CA-AB"}},{"@type":"Exchange","isAvoidedProduct":false,"isInput":true,"amount":4888.060568,"internalId":4,"flow":{"@type":"Flow","@id":"b3c58f5d-5815-487c-8b9c-4366e00d22dc","name":"heat, central or small-scale, natural gas","category":"D:Electricity, gas, steam and air conditioning supply/35:Electricity, gas, steam and air conditioning supply/353:Steam and air conditioning supply/3530:Steam and air conditioning supply","flowType":"PRODUCT_FLOW","refUnit":"MJ"},"unit":{"@type":"Unit","@id":"52765a6c-3896-43c2-b2f4-c679acf13efe","name":"MJ"},"flowProperty":{"@type":"FlowProperty","@id":"f6811440-ee37-11de-8a39-0800200c9a66","name":"Energy","category":"Technical flow properties","refUnit":"MJ"},"defaultProvider":{"@type":"Process","@id":"ae860526-2cde-32b5-9256-a78e6486120e","name":"heat production, natural gas, at boiler condensing modulating \u003c100kW | heat, central or small-scale, natural gas | Cutoff, U","category":"D:Electricity, gas, steam and air conditioning supply/35:Electricity, gas, steam and air conditioning supply/353:Steam and air conditioning supply/3530:Steam and air conditioning supply","processType":"UNIT_PROCESS","flowType":"PRODUCT_FLOW","location":"RoW"}}],"socialAspects":[],"allocationFactors":[]}