{"@type":"Process","@id":"e1bf708d-fc36-40bd-8dce-003c9ab7326f","name":"5. HPS fixture material Canada","description":"","category":"Cannabis Production/Canadian Indoor Production","version":"00.00.019","lastChange":"2023-05-25T17:41:50.605Z","processType":"UNIT_PROCESS","isInfrastructureProcess":false,"processDocumentation":{"isCopyrightProtected":false,"creationDate":"2022-11-26T15:17:02.502"},"lastInternalId":14,"parameters":[],"exchanges":[{"@type":"Exchange","isAvoidedProduct":false,"isInput":false,"amount":45000.0,"internalId":1,"flow":{"@type":"Flow","@id":"ea88d315-00e6-4e81-8f16-c86b44fff6d8","name":"HPS fixture material Canada","flowType":"PRODUCT_FLOW","refUnit":"d"},"unit":{"@type":"Unit","@id":"227a54d9-44e7-468c-b8bb-f2dd1ae68c7a","name":"h"},"flowProperty":{"@type":"FlowProperty","@id":"c0447923-0e60-4b3c-97c2-a86dddd9eea5","name":"Duration","category":"Technical flow properties","refUnit":"d"},"isQuantitativeReference":true},{"@type":"Exchange","isAvoidedProduct":false,"isInput":true,"amount":6350.0,"internalId":9,"flow":{"@type":"Flow","@id":"5f06394c-4efd-4c65-9e82-5fd3cbebbd15","name":"capacitor, electrolyte type, \u003e 2cm height","category":"C:Manufacturing/26:Manufacture of computer, electronic and optical products/261:Manufacture of electronic components and boards/2610:Manufacture of electronic components and boards","flowType":"PRODUCT_FLOW","refUnit":"kg"},"unit":{"@type":"Unit","@id":"e1317ffc-7f83-4a85-bc65-4fb229a25cf8","name":"g"},"flowProperty":{"@type":"FlowProperty","@id":"93a60a56-a3c8-11da-a746-0800200b9a66","name":"Mass","category":"Technical flow properties","refUnit":"kg"},"defaultProvider":{"@type":"Process","@id":"fc27a84e-42f2-3495-8a2c-d907bf5662c0","name":"capacitor production, electrolyte type, \u003e 2cm height | capacitor, electrolyte type, \u003e 2cm height | Cutoff, U","category":"C:Manufacturing/26:Manufacture of computer, electronic and optical products/261:Manufacture of electronic components and boards/2610:Manufacture of electronic components and boards","processType":"UNIT_PROCESS","flowType":"PRODUCT_FLOW","location":"GLO"}},{"@type":"Exchange","isAvoidedProduct":false,"isInput":true,"amount":30.0,"internalId":5,"flow":{"@type":"Flow","@id":"57771ae0-5e8b-47be-bb73-ba59f2bf8cc8","name":"brass","category":"C:Manufacturing/24:Manufacture of basic metals/242:Manufacture of basic precious and other non-ferrous metals/2420:Manufacture of basic precious and other non-ferrous metals","flowType":"PRODUCT_FLOW","refUnit":"kg"},"unit":{"@type":"Unit","@id":"e1317ffc-7f83-4a85-bc65-4fb229a25cf8","name":"g"},"flowProperty":{"@type":"FlowProperty","@id":"93a60a56-a3c8-11da-a746-0800200b9a66","name":"Mass","category":"Technical flow properties","refUnit":"kg"},"defaultProvider":{"@type":"Process","@id":"9341a266-85e0-395f-8352-2d5ae334d0f9","name":"brass production | brass | Cutoff, U","category":"C:Manufacturing/24:Manufacture of basic metals/242:Manufacture of basic precious and other non-ferrous metals/2420:Manufacture of basic precious and other non-ferrous metals","processType":"UNIT_PROCESS","flowType":"PRODUCT_FLOW","location":"RoW"}},{"@type":"Exchange","isAvoidedProduct":false,"isInput":true,"amount":9550.0,"internalId":13,"flow":{"@type":"Flow","@id":"6207ccc7-11eb-4bcc-8652-bdc3659b2545","name":"capacitor, auxilliaries and energy use","category":"C:Manufacturing/26:Manufacture of computer, electronic and optical products/261:Manufacture of electronic components and boards/2610:Manufacture of electronic components and boards","flowType":"PRODUCT_FLOW","refUnit":"kg"},"unit":{"@type":"Unit","@id":"e1317ffc-7f83-4a85-bc65-4fb229a25cf8","name":"g"},"flowProperty":{"@type":"FlowProperty","@id":"93a60a56-a3c8-11da-a746-0800200b9a66","name":"Mass","category":"Technical flow properties","refUnit":"kg"},"defaultProvider":{"@type":"Process","@id":"7b513a7c-7c16-3aaf-8f26-29d3d4918502","name":"capacitor production, auxilliaries and energy use | capacitor, auxilliaries and energy use | Cutoff, U","category":"C:Manufacturing/26:Manufacture of computer, electronic and optical products/261:Manufacture of electronic components and boards/2610:Manufacture of electronic components and boards","processType":"UNIT_PROCESS","flowType":"PRODUCT_FLOW","location":"GLO"}},{"@type":"Exchange","isAvoidedProduct":false,"isInput":true,"amount":450.0,"internalId":2,"flow":{"@type":"Flow","@id":"e77d9460-e423-4e88-8c44-d1a4545b0b07","name":"aluminium alloy, AlMg3","category":"C:Manufacturing/24:Manufacture of basic metals/242:Manufacture of basic precious and other non-ferrous metals/2420:Manufacture of basic precious and other non-ferrous metals","flowType":"PRODUCT_FLOW","refUnit":"kg"},"unit":{"@type":"Unit","@id":"e1317ffc-7f83-4a85-bc65-4fb229a25cf8","name":"g"},"flowProperty":{"@type":"FlowProperty","@id":"93a60a56-a3c8-11da-a746-0800200b9a66","name":"Mass","category":"Technical flow properties","refUnit":"kg"},"defaultProvider":{"@type":"Process","@id":"3a8c8860-fb9f-38c8-8915-517312e111ea","name":"aluminium alloy production, AlMg3 | aluminium alloy, AlMg3 | Cutoff, U","category":"C:Manufacturing/24:Manufacture of basic metals/242:Manufacture of basic precious and other non-ferrous metals/2420:Manufacture of basic precious and other non-ferrous metals","processType":"UNIT_PROCESS","flowType":"PRODUCT_FLOW","location":"RoW"}},{"@type":"Exchange","isAvoidedProduct":false,"isInput":true,"amount":825.0,"internalId":11,"flow":{"@type":"Flow","@id":"68d6dfcf-2089-4586-9bbf-ad75591105cf","name":"injection moulding","category":"C:Manufacturing/22:Manufacture of rubber and plastics products/222:Manufacture of plastics products/2220:Manufacture of plastics products","flowType":"PRODUCT_FLOW","refUnit":"kg"},"unit":{"@type":"Unit","@id":"e1317ffc-7f83-4a85-bc65-4fb229a25cf8","name":"g"},"flowProperty":{"@type":"FlowProperty","@id":"93a60a56-a3c8-11da-a746-0800200b9a66","name":"Mass","category":"Technical flow properties","refUnit":"kg"},"defaultProvider":{"@type":"Process","@id":"826fa92f-0ace-306e-9249-0e0807bff2f0","name":"injection moulding | injection moulding | Cutoff, U","category":"C:Manufacturing/22:Manufacture of rubber and plastics products/222:Manufacture of plastics products/2220:Manufacture of plastics products","processType":"UNIT_PROCESS","flowType":"PRODUCT_FLOW","location":"RoW"}},{"@type":"Exchange","isAvoidedProduct":false,"isInput":true,"amount":110.0,"internalId":6,"flow":{"@type":"Flow","@id":"1d53b5b2-8bd1-4936-8a5b-a130bf812db0","name":"sanitary ceramics","category":"C:Manufacturing/23:Manufacture of other non-metallic mineral products/239:Manufacture of non-metallic mineral products n.e.c./2392:Manufacture of clay building materials","flowType":"PRODUCT_FLOW","refUnit":"kg"},"unit":{"@type":"Unit","@id":"e1317ffc-7f83-4a85-bc65-4fb229a25cf8","name":"g"},"flowProperty":{"@type":"FlowProperty","@id":"93a60a56-a3c8-11da-a746-0800200b9a66","name":"Mass","category":"Technical flow properties","refUnit":"kg"},"defaultProvider":{"@type":"Process","@id":"48ff046f-4f22-3f61-9e66-804e117947fc","name":"sanitary ceramics production | sanitary ceramics | Cutoff, U","category":"C:Manufacturing/23:Manufacture of other non-metallic mineral products/239:Manufacture of non-metallic mineral products n.e.c./2392:Manufacture of clay building materials","processType":"UNIT_PROCESS","flowType":"PRODUCT_FLOW","location":"RoW"}},{"@type":"Exchange","isAvoidedProduct":false,"isInput":true,"amount":1960.0,"internalId":3,"flow":{"@type":"Flow","@id":"e77d9460-e423-4e88-8c44-d1a4545b0b07","name":"aluminium alloy, AlMg3","category":"C:Manufacturing/24:Manufacture of basic metals/242:Manufacture of basic precious and other non-ferrous metals/2420:Manufacture of basic precious and other non-ferrous metals","flowType":"PRODUCT_FLOW","refUnit":"kg"},"unit":{"@type":"Unit","@id":"e1317ffc-7f83-4a85-bc65-4fb229a25cf8","name":"g"},"flowProperty":{"@type":"FlowProperty","@id":"93a60a56-a3c8-11da-a746-0800200b9a66","name":"Mass","category":"Technical flow properties","refUnit":"kg"},"defaultProvider":{"@type":"Process","@id":"3a8c8860-fb9f-38c8-8915-517312e111ea","name":"aluminium alloy production, AlMg3 | aluminium alloy, AlMg3 | Cutoff, U","category":"C:Manufacturing/24:Manufacture of basic metals/242:Manufacture of basic precious and other non-ferrous metals/2420:Manufacture of basic precious and other non-ferrous metals","processType":"UNIT_PROCESS","flowType":"PRODUCT_FLOW","location":"RoW"}},{"@type":"Exchange","isAvoidedProduct":false,"isInput":true,"amount":825.0,"internalId":4,"flow":{"@type":"Flow","@id":"1768722c-0cb1-4b0b-9183-2ff16919120e","name":"polyvinylchloride, bulk polymerised","category":"C:Manufacturing/20:Manufacture of chemicals and chemical products/201:Manufacture of basic chemicals, fertilizers and nitrogen compounds, plastics/2013:Manufacture of plastics and synthetic rubber in primary forms","flowType":"PRODUCT_FLOW","refUnit":"kg"},"unit":{"@type":"Unit","@id":"e1317ffc-7f83-4a85-bc65-4fb229a25cf8","name":"g"},"flowProperty":{"@type":"FlowProperty","@id":"93a60a56-a3c8-11da-a746-0800200b9a66","name":"Mass","category":"Technical flow properties","refUnit":"kg"},"defaultProvider":{"@type":"Process","@id":"46270f4c-c357-3f32-a4a6-125a765f827e","name":"polyvinylchloride production, bulk polymerisation | polyvinylchloride, bulk polymerised | Cutoff, U","category":"C:Manufacturing/20:Manufacture of chemicals and chemical products/201:Manufacture of basic chemicals, fertilizers and nitrogen compounds, plastics/2013:Manufacture of plastics and synthetic rubber in primary forms","processType":"UNIT_PROCESS","flowType":"PRODUCT_FLOW","location":"RoW"}},{"@type":"Exchange","isAvoidedProduct":false,"isInput":true,"amount":2590.0,"internalId":10,"flow":{"@type":"Flow","@id":"a95983e3-7f9d-49aa-934a-0ce56b0d2cfc","name":"metal working, average for metal product manufacturing","category":"C:Manufacturing/25:Manufacture of fabricated metal products, except machinery and equipment/259:Manufacture of other fabricated metal products; metalworking service activit","flowType":"PRODUCT_FLOW","refUnit":"kg"},"unit":{"@type":"Unit","@id":"e1317ffc-7f83-4a85-bc65-4fb229a25cf8","name":"g"},"flowProperty":{"@type":"FlowProperty","@id":"93a60a56-a3c8-11da-a746-0800200b9a66","name":"Mass","category":"Technical flow properties","refUnit":"kg"},"defaultProvider":{"@type":"Process","@id":"fc2038ab-525e-3f9c-9249-d81f6a59d57f","name":"metal working, average for metal product manufacturing | metal working, average for metal product manufacturing | Cutoff, U","category":"C:Manufacturing/25:Manufacture of fabricated metal products, except machinery and equipment/259:Manufacture of other fabricated metal products; metalworking service activit","processType":"UNIT_PROCESS","flowType":"PRODUCT_FLOW","location":"RoW"}},{"@type":"Exchange","isAvoidedProduct":false,"isInput":true,"amount":150.0,"internalId":7,"flow":{"@type":"Flow","@id":"817c3650-4fed-4ef2-b9b6-404a198834e6","name":"steel, low-alloyed","category":"C:Manufacturing/24:Manufacture of basic metals/241:Manufacture of basic iron and steel/2410:Manufacture of basic iron and steel","flowType":"PRODUCT_FLOW","refUnit":"kg"},"unit":{"@type":"Unit","@id":"e1317ffc-7f83-4a85-bc65-4fb229a25cf8","name":"g"},"flowProperty":{"@type":"FlowProperty","@id":"93a60a56-a3c8-11da-a746-0800200b9a66","name":"Mass","category":"Technical flow properties","refUnit":"kg"},"defaultProvider":{"@type":"Process","@id":"9ecadf81-b0dc-3eb7-a176-f7de613f8a4b","name":"steel production, electric, low-alloyed | steel, low-alloyed | Cutoff, U","category":"C:Manufacturing/24:Manufacture of basic metals/241:Manufacture of basic iron and steel/2410:Manufacture of basic iron and steel","processType":"UNIT_PROCESS","flowType":"PRODUCT_FLOW","location":"RoW"}},{"@type":"Exchange","isAvoidedProduct":false,"isInput":true,"amount":3200.0,"internalId":8,"flow":{"@type":"Flow","@id":"5f06394c-4efd-4c65-9e82-5fd3cbebbd15","name":"capacitor, electrolyte type, \u003e 2cm height","category":"C:Manufacturing/26:Manufacture of computer, electronic and optical products/261:Manufacture of electronic components and boards/2610:Manufacture of electronic components and boards","flowType":"PRODUCT_FLOW","refUnit":"kg"},"unit":{"@type":"Unit","@id":"e1317ffc-7f83-4a85-bc65-4fb229a25cf8","name":"g"},"flowProperty":{"@type":"FlowProperty","@id":"93a60a56-a3c8-11da-a746-0800200b9a66","name":"Mass","category":"Technical flow properties","refUnit":"kg"},"defaultProvider":{"@type":"Process","@id":"fc27a84e-42f2-3495-8a2c-d907bf5662c0","name":"capacitor production, electrolyte type, \u003e 2cm height | capacitor, electrolyte type, \u003e 2cm height | Cutoff, U","category":"C:Manufacturing/26:Manufacture of computer, electronic and optical products/261:Manufacture of electronic components and boards/2610:Manufacture of electronic components and boards","processType":"UNIT_PROCESS","flowType":"PRODUCT_FLOW","location":"GLO"}}],"socialAspects":[],"allocationFactors":[]}