{"@type":"Process","@id":"f20d0f08-866d-424d-88f1-bb31a1543675","name":"7. Indoors HVAC energy BC","description":"","category":"Cannabis Production/Canadian Indoor Production","version":"00.00.026","lastChange":"2023-05-25T17:41:50.602Z","processType":"UNIT_PROCESS","isInfrastructureProcess":false,"processDocumentation":{"isCopyrightProtected":false,"creationDate":"2022-11-27T15:40:36.940"},"lastInternalId":16,"parameters":[],"exchanges":[{"@type":"Exchange","isAvoidedProduct":false,"isInput":false,"amount":1.0,"internalId":1,"flow":{"@type":"Flow","@id":"c23fb953-348f-429d-8079-76692b9f5d0a","name":"7. Indoors HVAC energy BC","flowType":"PRODUCT_FLOW","refUnit":"kg"},"unit":{"@type":"Unit","@id":"20aadc24-a391-41cf-b340-3e4529f44bde","name":"kg"},"flowProperty":{"@type":"FlowProperty","@id":"93a60a56-a3c8-11da-a746-0800200b9a66","name":"Mass","category":"Technical flow properties","refUnit":"kg"},"isQuantitativeReference":true},{"@type":"Exchange","isAvoidedProduct":false,"isInput":true,"amount":508.5773938,"description":"Cooling and humidity mgmt","internalId":11,"flow":{"@type":"Flow","@id":"66c93e71-f32b-4591-901c-55395db5c132","name":"electricity, high voltage","category":"D:Electricity, gas, steam and air conditioning supply/35:Electricity, gas, steam and air conditioning supply/351:Electric power generation, transmission and distribution/3510:Electric power generation, transmission and distribution","flowType":"PRODUCT_FLOW","refUnit":"MJ"},"unit":{"@type":"Unit","@id":"86ad2244-1f0e-4912-af53-7865283103e4","name":"kWh"},"flowProperty":{"@type":"FlowProperty","@id":"f6811440-ee37-11de-8a39-0800200c9a66","name":"Energy","category":"Technical flow properties","refUnit":"MJ"},"defaultProvider":{"@type":"Process","@id":"d4c0fb40-c18e-365b-b1f3-326bf8b0bec3","name":"electricity, high voltage, production mix | electricity, high voltage | Cutoff, U","category":"D:Electricity, gas, steam and air conditioning supply/35:Electricity, gas, steam and air conditioning supply","processType":"UNIT_PROCESS","flowType":"PRODUCT_FLOW","location":"CA-BC"}},{"@type":"Exchange","isAvoidedProduct":false,"isInput":true,"amount":0.0,"internalId":9,"flow":{"@type":"Flow","@id":"6e57739e-8655-4d87-8324-11ed616e3048","name":"transport, pipeline, long distance, natural gas","category":"H:Transportation and storage/49:Land transport and transport via pipelines/493:Transport via pipeline/4930:Transport via pipeline","flowType":"PRODUCT_FLOW","refUnit":"t*km"},"unit":{"@type":"Unit","@id":"0dea4ed8-bb6b-4049-b2b4-b2c413ef2180","name":"t*km"},"flowProperty":{"@type":"FlowProperty","@id":"838aaa20-0117-11db-92e3-0800200c9a66","name":"Goods transport (mass*distance)","category":"Technical flow properties","refUnit":"t*km"},"defaultProvider":{"@type":"Process","@id":"ffd2482e-ce0f-38c2-b2e3-8204cecb0862","name":"transport, pipeline, long distance, natural gas | transport, pipeline, long distance, natural gas | Cutoff, U","category":"H:Transportation and storage/49:Land transport and transport via pipelines/493:Transport via pipeline/4930:Transport via pipeline","processType":"UNIT_PROCESS","flowType":"PRODUCT_FLOW","location":"RoW"}},{"@type":"Exchange","isAvoidedProduct":false,"isInput":true,"amount":1376.98,"description":"Growlight","internalId":16,"flow":{"@type":"Flow","@id":"66c93e71-f32b-4591-901c-55395db5c132","name":"electricity, high voltage","category":"D:Electricity, gas, steam and air conditioning supply/35:Electricity, gas, steam and air conditioning supply/351:Electric power generation, transmission and distribution/3510:Electric power generation, transmission and distribution","flowType":"PRODUCT_FLOW","refUnit":"MJ"},"unit":{"@type":"Unit","@id":"86ad2244-1f0e-4912-af53-7865283103e4","name":"kWh"},"flowProperty":{"@type":"FlowProperty","@id":"f6811440-ee37-11de-8a39-0800200c9a66","name":"Energy","category":"Technical flow properties","refUnit":"MJ"},"defaultProvider":{"@type":"Process","@id":"d4c0fb40-c18e-365b-b1f3-326bf8b0bec3","name":"electricity, high voltage, production mix | electricity, high voltage | Cutoff, U","category":"D:Electricity, gas, steam and air conditioning supply/35:Electricity, gas, steam and air conditioning supply","processType":"UNIT_PROCESS","flowType":"PRODUCT_FLOW","location":"CA-BC"}},{"@type":"Exchange","isAvoidedProduct":false,"isInput":true,"amount":30642.61649,"internalId":10,"flow":{"@type":"Flow","@id":"b3c58f5d-5815-487c-8b9c-4366e00d22dc","name":"heat, central or small-scale, natural gas","category":"D:Electricity, gas, steam and air conditioning supply/35:Electricity, gas, steam and air conditioning supply/353:Steam and air conditioning supply/3530:Steam and air conditioning supply","flowType":"PRODUCT_FLOW","refUnit":"MJ"},"unit":{"@type":"Unit","@id":"52765a6c-3896-43c2-b2f4-c679acf13efe","name":"MJ"},"flowProperty":{"@type":"FlowProperty","@id":"f6811440-ee37-11de-8a39-0800200c9a66","name":"Energy","category":"Technical flow properties","refUnit":"MJ"},"defaultProvider":{"@type":"Process","@id":"ae860526-2cde-32b5-9256-a78e6486120e","name":"heat production, natural gas, at boiler condensing modulating \u003c100kW | heat, central or small-scale, natural gas | Cutoff, U","category":"D:Electricity, gas, steam and air conditioning supply/35:Electricity, gas, steam and air conditioning supply/353:Steam and air conditioning supply/3530:Steam and air conditioning supply","processType":"UNIT_PROCESS","flowType":"PRODUCT_FLOW","location":"RoW"}}],"socialAspects":[],"allocationFactors":[]}