{"@type":"Process","@id":"fac9ae45-e2be-458c-a855-a738df747b9b","name":"2. Indoor drying of fresh cannabis AB","description":"","category":"Cannabis Production/Canadian Indoor Production","version":"00.00.011","lastChange":"2023-08-27T20:07:11.551Z","processType":"UNIT_PROCESS","isInfrastructureProcess":false,"processDocumentation":{"isCopyrightProtected":false,"creationDate":"2023-05-24T22:17:31.749"},"lastInternalId":16,"parameters":[],"exchanges":[{"@type":"Exchange","isAvoidedProduct":false,"isInput":false,"amount":1.0,"internalId":1,"flow":{"@type":"Flow","@id":"a877071a-9ac6-417d-a6c0-075e158782ec","name":"2. Indoor drying of cannabis AB","flowType":"PRODUCT_FLOW","refUnit":"kg"},"unit":{"@type":"Unit","@id":"20aadc24-a391-41cf-b340-3e4529f44bde","name":"kg"},"flowProperty":{"@type":"FlowProperty","@id":"93a60a56-a3c8-11da-a746-0800200b9a66","name":"Mass","category":"Technical flow properties","refUnit":"kg"},"isQuantitativeReference":true},{"@type":"Exchange","isAvoidedProduct":false,"isInput":true,"amount":4.5,"internalId":6,"flow":{"@type":"Flow","@id":"a9d0c0a2-a93e-4d5d-93b1-e7f21a5061a8","name":"4. Indoor growing of fresh cannabis AB","flowType":"PRODUCT_FLOW","refUnit":"kg"},"unit":{"@type":"Unit","@id":"20aadc24-a391-41cf-b340-3e4529f44bde","name":"kg"},"flowProperty":{"@type":"FlowProperty","@id":"93a60a56-a3c8-11da-a746-0800200b9a66","name":"Mass","category":"Technical flow properties","refUnit":"kg"},"defaultProvider":{"@type":"Process","@id":"88c04250-5769-46c1-873e-7cb0412e1fe2","name":"4. Indoor growing of fresh cannabis AB","category":"Cannabis Production/Canadian Indoor Production","processType":"UNIT_PROCESS","flowType":"PRODUCT_FLOW"}},{"@type":"Exchange","isAvoidedProduct":false,"isInput":false,"amount":3.5,"internalId":5,"flow":{"@type":"Flow","@id":"fe0acd60-3ddc-11dd-ac07-0050c2490048","name":"Water vapour","category":"Elementary flows/Emission to air/low population density","flowType":"ELEMENTARY_FLOW","refUnit":"kg"},"unit":{"@type":"Unit","@id":"20aadc24-a391-41cf-b340-3e4529f44bde","name":"kg"},"flowProperty":{"@type":"FlowProperty","@id":"93a60a56-a3c8-11da-a746-0800200b9a66","name":"Mass","category":"Technical flow properties","refUnit":"kg"}},{"@type":"Exchange","isAvoidedProduct":false,"isInput":true,"amount":17.0211,"internalId":13,"flow":{"@type":"Flow","@id":"82556ea2-28f6-4c98-b2e8-d5bc508a23a9","name":"CH4 emission from landill","flowType":"PRODUCT_FLOW","refUnit":"kg"},"unit":{"@type":"Unit","@id":"20aadc24-a391-41cf-b340-3e4529f44bde","name":"kg"},"flowProperty":{"@type":"FlowProperty","@id":"93a60a56-a3c8-11da-a746-0800200b9a66","name":"Mass","category":"Technical flow properties","refUnit":"kg"},"defaultProvider":{"@type":"Process","@id":"6c57d639-eb8a-4f0e-b718-644cbce8fa97","name":"CH4 emission from landill","category":"Cannabis Production/Canadian Indoor Production","processType":"UNIT_PROCESS","flowType":"PRODUCT_FLOW"}},{"@type":"Exchange","isAvoidedProduct":false,"isInput":true,"amount":16.08121831,"internalId":15,"flow":{"@type":"Flow","@id":"14c7eee8-a0e4-41e7-aeb4-8835f376503a","name":"CO2 emission from landfill","flowType":"PRODUCT_FLOW","refUnit":"kg"},"unit":{"@type":"Unit","@id":"20aadc24-a391-41cf-b340-3e4529f44bde","name":"kg"},"flowProperty":{"@type":"FlowProperty","@id":"93a60a56-a3c8-11da-a746-0800200b9a66","name":"Mass","category":"Technical flow properties","refUnit":"kg"},"defaultProvider":{"@type":"Process","@id":"ddc16296-edb6-4597-a240-3e2aa0836a3f","name":"CO2 emission from landfill","category":"Cannabis Production/Canadian Indoor Production","processType":"UNIT_PROCESS","flowType":"PRODUCT_FLOW"}},{"@type":"Exchange","isAvoidedProduct":false,"isInput":true,"amount":120.6268649,"internalId":16,"flow":{"@type":"Flow","@id":"f6a78221-3d52-448b-b65a-b0d1476ea132","name":"carbon sequestration from landfill","flowType":"PRODUCT_FLOW","refUnit":"kg"},"unit":{"@type":"Unit","@id":"20aadc24-a391-41cf-b340-3e4529f44bde","name":"kg"},"flowProperty":{"@type":"FlowProperty","@id":"93a60a56-a3c8-11da-a746-0800200b9a66","name":"Mass","category":"Technical flow properties","refUnit":"kg"},"defaultProvider":{"@type":"Process","@id":"6800585a-c33b-4237-b844-9586f728d1ce","name":"carbon sequestration from landfill","category":"Cannabis Production/Canadian Indoor Production","processType":"UNIT_PROCESS","flowType":"PRODUCT_FLOW"}}],"socialAspects":[],"allocationFactors":[]}